	Name	Intensity_Threshold	Ratio_Of_Black_Pixels	External_Contours	Internal_Contours	Max_Min_Height_Ratio	Max_Min_Width_Ratio	Contour_Slope	Slant_Angle	Max_Length_Direction_1	Max_Length_Direction_2	Max_Length_Direction_3	Max_Length_Direction_4	Max_Length_Direction_5	Max_Length_Direction_6	Max_Length_Direction_7	Max_Length_Direction_8	Number_Pixel_Direction_1_1	Number_Pixel_Direction_1_2	Number_Pixel_Direction_1_3	Number_Pixel_Direction_1_4	Number_Pixel_Direction_1_5	Number_Pixel_Direction_1_6	Number_Pixel_Direction_1_7	Number_Pixel_Direction_1_8	Number_Pixel_Direction_2_1	Number_Pixel_Direction_2_2	Number_Pixel_Direction_2_3	Number_Pixel_Direction_2_4	Number_Pixel_Direction_2_5	Number_Pixel_Direction_2_6	Number_Pixel_Direction_2_7	Number_Pixel_Direction_2_8	Number_Pixel_Direction_3_1	Number_Pixel_Direction_3_2	Number_Pixel_Direction_3_3	Number_Pixel_Direction_3_4	Number_Pixel_Direction_3_5	Number_Pixel_Direction_3_6	Number_Pixel_Direction_3_7	Number_Pixel_Direction_3_8	Gender
0	girl_11_4.jpg	78.0	0.068887660851	4.0	6.0	249.0	111.5	0.631027280163	-1.19259259259	1.0	0.802816901408	0.676056338028	0.225352112676	1.0	0.802816901408	0.676056338028	0.225352112676	0.134679173464	0.135168569875	0.117767808592	0.17994834149	0.11870581838	0.136514410005	0.177215878195	0.0	0.138488855966	0.147595808188	0.11549271226	0.122508115645	0.113749754897	0.15165907754	0.162116821717	0.0483888537877	0.141980912968	0.164403952536	0.110510535873	0.0908323128246	0.113888771589	0.170326422026	0.152706811368	0.0553502808158	1.0
1	boy_47.jpg	134.0	0.100636010581	8.0	2.0	75.0	57.5	0.47077662459	-2.03125	0.901408450704	0.12676056338	1.0	0.140845070423	0.901408450704	0.12676056338	1.0	0.140845070423	0.127772071969	0.122636844308	0.129940279204	0.196241774126	0.130016356651	0.117387500475	0.176005173266	0.0	0.118703536441	0.117105537414	0.145869519906	0.149760300146	0.11877301466	0.119606753283	0.17056902661	0.0596123115403	0.120945045178	0.115908754259	0.147311509406	0.129017923271	0.120463635017	0.12016738261	0.163716486446	0.0824692638128	0.0
2	boy_34.jpg	12.0	0.0540739561358	1.0	6.0	89.5	121.0	0.599371910574	-0.771929824561	0.157407407407	1.0	0.703703703704	0.203703703704	0.157407407407	1.0	0.703703703704	0.203703703704	0.135941872453	0.13913299622	0.119937159409	0.179439344101	0.120796308115	0.127890421719	0.176861897982	0.0	0.125563251001	0.149219793057	0.132968958611	0.122726134846	0.0994659546061	0.1452561749	0.175734312417	0.0490654205607	0.121468601259	0.163960540458	0.134116382619	0.100030707815	0.091298172885	0.160525103639	0.172136496238	0.0564639950867	0.0
3	girl_11_49.jpg	87.0	0.0751453488372	5.0	6.0	25.0	10.5	0.429021831643	-0.768	0.190476190476	0.365079365079	1.0	0.238095238095	0.190476190476	0.365079365079	1.0	0.238095238095	0.130095509043	0.130258077626	0.127372485267	0.196301564723	0.1270473481	0.116642958748	0.172282056493	0.0	0.113417954016	0.125127095018	0.146708649021	0.158188199023	0.110990849159	0.120535275017	0.170061333596	0.0549706451507	0.106604635232	0.124386345473	0.151472770864	0.147191460212	0.10483502683	0.123358830917	0.168055714123	0.0740952163489	1.0
4	boy1_8.jpg	115.0	0.130720899471	2.0	8.0	102.0	52.0	0.214266626036	-0.7	0.214285714286	0.166666666667	1.0	0.22619047619	0.214285714286	0.166666666667	1.0	0.22619047619	0.128313443869	0.127921186428	0.128494485766	0.200986678334	0.129384608421	0.113815005356	0.171084591826	0.0	0.111622970985	0.122199175128	0.149116036757	0.162514169943	0.112937459299	0.114541376233	0.17019608789	0.0568727237645	0.0943064112112	0.116737751901	0.167761153612	0.14925642588	0.0972175208178	0.1141312933	0.18003746079	0.0805519824882	0.0
5	boy_43.jpg	139.0	0.0812698412698	4.0	4.0	84.0	237.0	0.432751464004	-0.0632911392405	0.269230769231	0.125	1.0	0.134615384615	0.269230769231	0.125	1.0	0.134615384615	0.134489801789	0.134604873278	0.132217139898	0.183596559363	0.124708725296	0.112022093726	0.178360806651	0.0	0.0997876857749	0.120368011323	0.172427459306	0.142222222222	0.0983722576079	0.116319886766	0.193432413305	0.0570700636943	0.0919456912654	0.122306169673	0.179960411497	0.12392316485	0.0895480777273	0.123086788034	0.19509883186	0.0741308650924	0.0
6	girl_11_65.jpg	191.0	0.0729868793414	21.0	5.0	76.5	91.5	0.654487672208	-0.798882681564	0.213333333333	0.48	1.0	0.146666666667	0.213333333333	0.48	1.0	0.146666666667	0.13934099904	0.142385424229	0.120770005386	0.176857684832	0.119247792792	0.125570829723	0.175827263999	0.0	0.123633019453	0.149503188788	0.140426637878	0.122493452488	0.0973030248506	0.141026409964	0.176852795938	0.0487614706412	0.113115335112	0.1569326046	0.149154059953	0.102687981496	0.0895745117424	0.15249305154	0.177507508068	0.0585349474902	1.0
7	boy_22.jpg	20.0	0.0494678254077	28.0	4.0	72.0	94.0	0.504493350043	-0.0	0.196428571429	0.339285714286	1.0	0.160714285714	0.196428571429	0.339285714286	1.0	0.160714285714	0.135326341289	0.137556087758	0.12489333003	0.182618988631	0.121782696066	0.121534946459	0.176287609767	0.0	0.117243450538	0.138728457238	0.145497389456	0.138543639976	0.101788107009	0.132075035808	0.175414683731	0.0507092362427	0.109002256609	0.139869439072	0.149540618956	0.129231141199	0.0973363958736	0.137149419729	0.172408929723	0.0654617988395	0.0
8	girl_11_58.jpg	184.0	0.0835463979546	15.0	4.0	65.0	105.0	0.501212788415	-0.594594594595	0.163265306122	0.408163265306	1.0	0.112244897959	0.163265306122	0.408163265306	1.0	0.112244897959	0.13643361775	0.13834731435	0.122634858056	0.183182491834	0.122088087598	0.122548525878	0.174765104534	0.0	0.119863601796	0.141010229865	0.144015406128	0.132092829281	0.101660819861	0.133785540809	0.175943870667	0.0516277015921	0.106622353231	0.144648917805	0.156392761095	0.112799614802	0.0912261746779	0.142640720602	0.180514615213	0.0651548425738	1.0
9	boy_31.jpg	74.0	0.1341656263	3.0	11.0	119.0	81.0	0.506443582142	-0.889830508475	0.289156626506	0.590361445783	1.0	0.228915662651	0.289156626506	0.590361445783	1.0	0.228915662651	0.133572834458	0.134700273261	0.123196575644	0.189046645392	0.123865395272	0.122527756015	0.173090519959	0.0	0.120420326223	0.135367001255	0.139664366374	0.144761606023	0.109253450439	0.129265997491	0.168710790464	0.0525564617315	0.107828156681	0.134259939467	0.150818371485	0.133202080456	0.100805148247	0.132496841115	0.170888307719	0.0697011548294	0.0
10	boy_35.jpg	117.0	0.0445353875782	47.0	1.0	54.5	55.0	1.04204421158	-2.38095238095	0.416666666667	0.138888888889	1.0	0.111111111111	0.416666666667	0.138888888889	1.0	0.111111111111	0.139921294272	0.126512170238	0.125637662148	0.169071563912	0.131467716076	0.124325900015	0.183063693339	0.0	0.125881470368	0.120030007502	0.147186796699	0.136084021005	0.125131282821	0.121830457614	0.169692423106	0.0541635408852	0.127106741573	0.120786516854	0.144382022472	0.131882022472	0.126966292135	0.119241573034	0.156179775281	0.0734550561798	0.0
11	boy1_5.jpg	48.0	0.0610500610501	19.0	6.0	160.0	139.5	0.503145768457	-0.625	0.289719626168	0.168224299065	1.0	0.130841121495	0.289719626168	0.168224299065	1.0	0.130841121495	0.128896808454	0.127679469311	0.132178331363	0.191898519786	0.127750039696	0.113547749687	0.178049081703	0.0	0.107223278024	0.11977577974	0.158391491129	0.150534199978	0.106552533657	0.118178769344	0.182075155309	0.0572687928198	0.102814320406	0.120111440533	0.161097123106	0.137572443796	0.100996707439	0.122212124372	0.179049775778	0.07614606457	0.0
12	boy_68.jpg	165.0	0.107767489712	6.0	7.0	69.5	73.0	0.707414838419	-6.38095238095	0.833333333333	0.137254901961	1.0	0.147058823529	0.833333333333	0.137254901961	1.0	0.147058823529	0.129349029077	0.125928161787	0.129610624811	0.19657913271	0.129409397324	0.115242982191	0.1738806721	0.0	0.113818802191	0.117985094729	0.150561192422	0.155858848882	0.114644877436	0.116817814492	0.171913441681	0.0583999281674	0.112436889642	0.117276078335	0.152093778935	0.142066001642	0.112873639524	0.118044758128	0.166279415105	0.0789294386891	0.0
13	girl_11_19.jpg	14.0	0.0920100925147	7.0	4.0	105.0	58.5	0.683171683389	-1.07792207792	0.368421052632	0.447368421053	1.0	0.289473684211	0.368421052632	0.447368421053	1.0	0.289473684211	0.131938788632	0.131938788632	0.125123237173	0.187106176861	0.124137339792	0.122979981997	0.176775686913	0.0	0.11864780452	0.132243248209	0.138820503399	0.144773103068	0.10993937167	0.132243248209	0.171449568253	0.0518831526732	0.117232543242	0.137260190836	0.137428773728	0.128527597019	0.107488452072	0.139013452915	0.164166020432	0.0688829697562	1.0
14	boy_40.jpg	28.0	0.090625	13.0	4.0	103.0	68.3333333333	0.458391164377	-2.1	0.915492957746	0.154929577465	1.0	0.225352112676	0.915492957746	0.154929577465	1.0	0.225352112676	0.127160251375	0.122414244567	0.141234616392	0.189054726368	0.125327310814	0.111874836345	0.18293401414	0.0	0.112577118075	0.111935740028	0.159611508155	0.153411520371	0.114653961273	0.112241158146	0.17760063527	0.057968358683	0.120462046205	0.114003641743	0.149681347445	0.140719244338	0.121400933197	0.113463070445	0.162484351883	0.0777853647434	0.0
15	girl_11_61.jpg	110.0	0.06495215311	3.0	7.0	116.0	87.0	0.5075	-0.641975308642	0.347826086957	1.0	0.804347826087	0.239130434783	0.347826086957	1.0	0.804347826087	0.239130434783	0.14134244266	0.144714076572	0.121733729648	0.17066678497	0.116631915177	0.126569362495	0.178341688479	0.0	0.121568017422	0.150307225636	0.142918254647	0.122229135879	0.0959010655674	0.142840476005	0.178074200824	0.046161624018	0.115058692783	0.153538931722	0.144544002223	0.112384524554	0.0969993748698	0.149545044106	0.170070153504	0.0578592762381	1.0
16	girl_11_54.jpg	176.0	0.0863330046022	3.0	4.0	64.3333333333	108.5	0.863607933434	-1.07058823529	0.422535211268	0.366197183099	1.0	0.352112676056	0.422535211268	0.366197183099	1.0	0.352112676056	0.128513235688	0.12788752538	0.125397453742	0.201172249109	0.126253016818	0.121272873543	0.16950364572	0.0	0.122981655648	0.127516528541	0.132451811156	0.162789831455	0.120076357203	0.12273023559	0.157882484403	0.0535710960052	0.114456018325	0.127347054791	0.142169238743	0.145939574312	0.111571837014	0.124245514889	0.158922570182	0.0753481917437	1.0
17	boy1_7.jpg	146.0	0.0782600928903	4.0	6.0	103.0	148.0	0.466361062463	-1.66666666667	0.138211382114	0.162601626016	1.0	0.146341463415	0.138211382114	0.162601626016	1.0	0.146341463415	0.128825791889	0.127786275412	0.12885549236	0.198503096274	0.13026626472	0.112965740507	0.172797338838	0.0	0.108605464737	0.120583148011	0.153954196091	0.156516197833	0.10997099866	0.114522778406	0.17684314567	0.0590040705916	0.0906887096133	0.118374862563	0.174422763581	0.136761647392	0.0894964829313	0.118202652042	0.190491329863	0.0815615520142	0.0
18	girl1_7.jpg	118.0	0.0673153825646	8.0	2.0	31.75	23.4444444444	0.441981468782	-0.984496124031	0.232558139535	0.697674418605	1.0	0.255813953488	0.232558139535	0.697674418605	1.0	0.255813953488	0.136277602524	0.13877383075	0.122287752023	0.182306953779	0.123741599232	0.121135646688	0.175476615005	0.0	0.116666249405	0.142903637684	0.146383596625	0.128958766242	0.0976892071201	0.133815687354	0.181158150364	0.0524247052049	0.102040311611	0.154222826759	0.159886237171	0.108767157166	0.0781995795722	0.145814269816	0.187758130333	0.0633114875726	1.0
19	girl_11_21.jpg	88.0	0.11063011063	6.0	2.0	26.5	40.5	0.561238175405	-0.92523364486	0.275	0.475	1.0	0.275	0.275	0.475	1.0	0.275	0.133832781758	0.134705604248	0.124486307597	0.189220642252	0.125795541332	0.118303814962	0.173655307852	0.0	0.115003304693	0.134768514147	0.147043086898	0.142479463696	0.103263777421	0.127718503132	0.17596701602	0.0537563339943	0.105318754104	0.138578810632	0.154766323122	0.131298712422	0.0934422017301	0.133611214206	0.174893653467	0.0680903303166	1.0
20	girl_11_28.jpg	13.0	0.0716674629718	2.0	6.0	80.0	34.3333333333	0.675354266791	-0.933333333333	0.766666666667	0.566666666667	1.0	0.6	0.766666666667	0.566666666667	1.0	0.6	0.123858226062	0.118286016576	0.13151119732	0.20994533592	0.135919590901	0.109927702345	0.170551930876	0.0	0.1090273363	0.106834075016	0.149141767324	0.178671328671	0.123076923077	0.105181182454	0.165257469803	0.0628099173554	0.104756264805	0.107000374018	0.151009849146	0.167903004613	0.112174292482	0.106034160329	0.163882308939	0.0872397456676	1.0
21	girl_11_29.jpg	23.0	0.0884892086331	4.0	2.0	31.0	12.4285714286	0.525705431354	-1.0	0.564102564103	0.487179487179	1.0	0.641025641026	0.564102564103	0.487179487179	1.0	0.641025641026	0.12713727406	0.12461325517	0.129579872985	0.203997720241	0.131126852304	0.112970200293	0.170574824947	0.0	0.112075658127	0.116663137836	0.148140306302	0.169983767379	0.117898228527	0.109993648105	0.165890323947	0.0593549297763	0.0992517294932	0.114817167867	0.160525201186	0.158195679797	0.101404771989	0.110722857546	0.172137512354	0.0829450797685	1.0
22	girl_11_66.jpg	154.0	0.0714122642802	2.0	3.0	33.25	8.45454545455	0.656797573715	-2.59322033898	0.41935483871	1.0	0.935483870968	0.354838709677	0.41935483871	1.0	0.935483870968	0.354838709677	0.136310223267	0.137779083431	0.120530468357	0.180417995635	0.120908175256	0.127874769179	0.176179284875	0.0	0.125390710184	0.143454241477	0.133422984662	0.128371011122	0.105946063822	0.141455259141	0.171767100385	0.0501926292069	0.118757400571	0.151424392283	0.137041164589	0.11001602006	0.100438810336	0.15354879153	0.168663369785	0.0601100508463	1.0
23	boy_26.jpg	46.0	0.040138061571	9.0	3.0	87.5	98.5	0.785251723304	-2.54545454545	0.475	0.175	1.0	0.1875	0.475	0.175	1.0	0.1875	0.134224211704	0.129945362386	0.123494174182	0.179974985189	0.123165031927	0.129122506747	0.180073727865	0.0	0.130300120792	0.132499148264	0.13166289838	0.12630470468	0.1185616502	0.139746647257	0.167931365565	0.052993464862	0.137370026569	0.137862039558	0.126316134746	0.108308459343	0.128940204021	0.143766195428	0.150752779873	0.0666841604618	0.0
24	boy_28.jpg	10.0	0.0567903474553	13.0	5.0	113.0	80.0	0.732394829781	-0.668367346939	0.228070175439	0.40350877193	1.0	0.19298245614	0.228070175439	0.40350877193	1.0	0.19298245614	0.137501301767	0.14024369077	0.121220536675	0.182906932343	0.121532960739	0.123372791335	0.173221786371	0.0	0.121504003714	0.143756527794	0.140362074968	0.137199721481	0.104183590577	0.131687362191	0.170680051062	0.050626668214	0.102409983399	0.145715267044	0.158852825004	0.121701299445	0.0870112771195	0.136842406549	0.180061823802	0.067405117637	0.0
25	girl_11_53.jpg	183.0	0.0763625765083	16.0	1.0	64.5	76.0	0.480168748515	-1.89690721649	0.171428571429	1.0	0.828571428571	0.171428571429	0.171428571429	1.0	0.828571428571	0.171428571429	0.130205850488	0.12977248104	0.125460455038	0.19187432286	0.127995666306	0.119219934995	0.175471289274	0.0	0.116369952236	0.130699088146	0.143172936486	0.138278135239	0.106205344807	0.129455650732	0.178798405242	0.0570204871117	0.109811090798	0.145622587853	0.150132033313	0.106012593947	0.0896201503148	0.147552305505	0.183302864107	0.0679463741621	1.0
26	boy111_4.jpg	98.0	0.0700928200928	0.0	8.0	43.0	49.3333333333	0.662623463192	-0.761589403974	0.471698113208	0.283018867925	1.0	0.301886792453	0.471698113208	0.283018867925	1.0	0.301886792453	0.131716099687	0.130563188983	0.123519378376	0.190103919896	0.12609368584	0.123029786159	0.174973941059	0.0	0.12096481683	0.130646466337	0.137677520158	0.141123294551	0.112915376245	0.130520911805	0.170754164225	0.0553974498479	0.112999812413	0.136823422461	0.145697753279	0.119623093462	0.103591578765	0.140113418277	0.17133951891	0.0698114024329	0.0
27	girl_11_16.jpg	175.0	0.0600343053173	15.0	2.0	80.0	85.5	0.861144729024	-1.81609195402	0.481481481481	0.518518518519	1.0	0.222222222222	0.481481481481	0.518518518519	1.0	0.222222222222	0.141177863974	0.143605838984	0.118852337666	0.173807479347	0.117519912356	0.12912681728	0.175909750392	0.0	0.129165819955	0.153043080675	0.133992074782	0.12030075188	0.101783174152	0.143593781752	0.17064621012	0.0474751066856	0.115960730732	0.158974748241	0.146019938262	0.101411871869	0.0930367896362	0.153231111786	0.172764536208	0.0586002732655	1.0
28	boy111_7.jpg	87.0	0.0494177664412	31.0	3.0	107.0	150.0	0.510420420503	-0.373949579832	0.0941176470588	0.105882352941	1.0	0.141176470588	0.0941176470588	0.105882352941	1.0	0.141176470588	0.132528872546	0.135273706562	0.154176808742	0.162255942825	0.114040084934	0.103060748874	0.198663835517	0.0	0.0806975081138	0.117718246328	0.210957698443	0.12486935475	0.0738214423236	0.112657461907	0.228285384235	0.0509929039001	0.0860535506403	0.120512223516	0.194365541327	0.123213038417	0.0845634458673	0.119161816065	0.207869615832	0.0642607683353	0.0
29	boy_66.jpg	165.0	0.0905802840699	12.0	7.0	176.0	159.0	0.854537510993	-4.9696969697	0.945945945946	0.202702702703	1.0	0.175675675676	0.945945945946	0.202702702703	1.0	0.175675675676	0.129619346171	0.125427675773	0.127272727273	0.196793551276	0.127093596059	0.121218092253	0.172575011196	0.0	0.12517224193	0.123046703216	0.135316192207	0.155017737254	0.1217567211	0.123764988713	0.160192324606	0.0557330909731	0.128581852881	0.124989475457	0.132791670175	0.136341949426	0.124891246387	0.126434846061	0.149883528388	0.0760854312256	0.0
30	girl_11_1.jpg	165.0	0.0642801089415	5.0	6.0	158.0	78.0	0.481772671773	-0.942446043165	0.320754716981	0.905660377358	1.0	0.245283018868	0.320754716981	0.905660377358	1.0	0.245283018868	0.133625058716	0.134440900888	0.123686617716	0.187915646864	0.126381369131	0.119360181958	0.174590224727	0.0	0.11473028589	0.135814424368	0.145388119814	0.140810352796	0.103219842859	0.129233884279	0.177102361512	0.0537007284812	0.102555025717	0.141723757366	0.155133998292	0.126189534182	0.0881660870833	0.137725673115	0.180496845262	0.068009078983	1.0
31	boy_64.jpg	56.0	0.0764545076365	14.0	4.0	58.0	74.0	0.673127603015	-1.44827586207	1.0	0.151898734177	0.848101265823	0.164556962025	1.0	0.151898734177	0.848101265823	0.164556962025	0.127318792044	0.122892338158	0.133841987245	0.191822708873	0.12624129998	0.11797082035	0.17991205335	0.0	0.120675127033	0.120215509537	0.14414115364	0.147715956387	0.11664070679	0.123841380895	0.170594693971	0.0561754717463	0.129763509374	0.124077931626	0.135204019115	0.129518441367	0.124666094841	0.127974512927	0.153755667198	0.075039823551	0.0
32	girl_11_7.jpg	19.0	0.0452437106918	4.0	5.0	34.0	30.2	0.544582352724	-0.752808988764	0.223880597015	0.373134328358	1.0	0.149253731343	0.223880597015	0.373134328358	1.0	0.149253731343	0.148676493898	0.155333650341	0.113869075923	0.157806308448	0.11199873197	0.134537961642	0.177777777778	0.0	0.128182516428	0.169885927232	0.135237390834	0.109009188405	0.0892384718232	0.152419423662	0.174807271072	0.0412198105425	0.109470926901	0.170755000136	0.149744877077	0.103904608584	0.0791836066468	0.156375344484	0.17689432181	0.0536713143606	1.0
33	boy_18.jpg	17.0	0.0553009107685	0.0	53.0	123.0	248.0	1.01741450651	-1.6015625	0.251908396947	0.221374045802	1.0	0.0687022900763	0.251908396947	0.221374045802	1.0	0.0687022900763	0.132816182247	0.131657501964	0.124410840534	0.182796543598	0.124744697565	0.124901806756	0.178672427337	0.0	0.120379862947	0.131872875411	0.142916239501	0.131315311426	0.108059497473	0.133653482976	0.177035558193	0.0547671720714	0.119615775311	0.142248676777	0.143121914708	0.107675583198	0.104735088126	0.145937661504	0.170994243758	0.0656710566179	0.0
34	boy_16.jpg	12.0	0.0807516951134	20.0	8.0	38.5	49.0	0.531779580913	-0.968553459119	0.227272727273	0.363636363636	1.0	0.30303030303	0.227272727273	0.363636363636	1.0	0.30303030303	0.128752250679	0.128080406331	0.132514579022	0.195479831233	0.129639085217	0.109752492543	0.175781354976	0.0	0.101564777918	0.117722810769	0.163111089513	0.157012343279	0.103824472738	0.113689377005	0.184687530372	0.0583875984061	0.0965039897721	0.120442622228	0.168033328925	0.142022660142	0.0921835736014	0.119009831151	0.184190803686	0.0776131904951	0.0
35	boy_61.jpg	70.0	0.0564220183486	20.0	3.0	68.0	45.0	0.586808947389	-0.475	1.0	0.138461538462	1.0	0.153846153846	1.0	0.138461538462	1.0	0.153846153846	0.123678181177	0.113323933733	0.141038068382	0.19527670074	0.130551639055	0.112883327459	0.183248149454	0.0	0.123396346163	0.105308490865	0.151094791242	0.147740151412	0.125844326579	0.112561766173	0.170134638923	0.0639194886441	0.14568758867	0.105229685436	0.131255809403	0.134582456827	0.146078958955	0.11002397143	0.141724964532	0.0854165647473	0.0
36	boy_32.jpg	34.0	0.0737142116855	12.0	6.0	84.0	85.5	0.504354590758	-0.6328125	0.340909090909	0.659090909091	1.0	0.318181818182	0.340909090909	0.659090909091	1.0	0.318181818182	0.143947023101	0.149104336416	0.117641673533	0.166163141994	0.114071225854	0.131160548079	0.177912051024	0.0	0.12799552668	0.16002769198	0.136409628288	0.111380338694	0.0945787623815	0.149403557354	0.175444669294	0.0447598253275	0.112246435027	0.164365334404	0.146289415545	0.103032737497	0.088421369753	0.157787708375	0.175411729263	0.0524452701346	0.0
37	girl_11_47.jpg	59.0	0.0470058139535	29.0	6.0	185.0	255.0	0.900884611261	-0.805555555556	0.724137931034	1.0	1.0	0.965517241379	0.724137931034	1.0	1.0	0.965517241379	0.132543389146	0.133379560704	0.122713274733	0.190443170926	0.123916546	0.12495666184	0.172047396651	0.0	0.123772826269	0.134930474116	0.130859440442	0.154615513486	0.115061149271	0.128212430893	0.16002680516	0.0525213603619	0.116348545038	0.139731292187	0.135581177534	0.140151148145	0.105173917256	0.133304266382	0.159399928947	0.0703097245099	1.0
38	boy_29.jpg	9.0	0.130036630037	39.0	13.0	58.0	77.5	0.799163542139	-0.848739495798	0.272727272727	0.409090909091	1.0	0.215909090909	0.272727272727	0.409090909091	1.0	0.215909090909	0.131888672076	0.132874602033	0.124617438636	0.19192769847	0.124822840711	0.121146143576	0.172722604498	0.0	0.119120688505	0.131579825205	0.140386283274	0.149542998199	0.111048101941	0.126376009073	0.168106611515	0.053839482287	0.108475098145	0.13101377877	0.150180894465	0.137033330767	0.102963590178	0.129535832499	0.16930182434	0.0714956508352	0.0
39	girl_11_26.jpg	116.0	0.0431026960998	2.0	7.0	274.0	138.0	0.885357112588	-3.51282051282	0.9	0.5	1.0	0.533333333333	0.9	0.5	1.0	0.533333333333	0.14128085542	0.139536647329	0.120274523187	0.171235733515	0.1188715732	0.130739771736	0.178060895613	0.0	0.131078525813	0.144992686146	0.13139962182	0.12900924043	0.11334689072	0.139105926005	0.163509222591	0.0475578864747	0.121294824846	0.144095902715	0.13642644925	0.125302287017	0.113452635943	0.141021211912	0.156601948456	0.0618047398604	1.0
40	girl_11_32.jpg	8.0	0.0910714285714	3.0	8.0	123.0	111.0	1.01854890605	-1.11428571429	0.292682926829	1.0	0.609756097561	0.292682926829	0.292682926829	1.0	0.609756097561	0.292682926829	0.139701822198	0.142573163998	0.113528437327	0.167126817596	0.11422786674	0.142462727775	0.180379164366	0.0	0.136987514389	0.155907789486	0.113964402727	0.118273856962	0.109861566162	0.160040142861	0.162903273414	0.0420614539981	0.129679856024	0.157461154343	0.115028769866	0.118222605257	0.112950242072	0.163443258726	0.151352310461	0.0518618032496	1.0
41	boy_65.jpg	181.0	0.0671656204732	9.0	1.0	71.0	95.0	1.42163590464	-6.36363636364	0.644736842105	0.157894736842	1.0	0.263157894737	0.644736842105	0.157894736842	1.0	0.263157894737	0.132463101684	0.129273900467	0.127543326164	0.190066503498	0.127370268733	0.117827387574	0.175455511879	0.0	0.117880581945	0.125866262793	0.150213410436	0.142158887512	0.1109504796	0.122286474827	0.173642663729	0.0570012391574	0.11034760562	0.121626424662	0.158638011516	0.130132928939	0.109305025709	0.121721204654	0.171670260408	0.0765585384925	0.0
42	girl_11_50.jpg	155.0	0.107023840041	5.0	2.0	67.5	28.2	0.628398096827	-0.878787878788	0.454545454545	1.0	0.712121212121	0.30303030303	0.454545454545	1.0	0.712121212121	0.30303030303	0.129456215494	0.129993648519	0.123511880527	0.197579922805	0.125189322997	0.123691024868	0.170577984789	0.0	0.124455619451	0.132034840355	0.130109958856	0.155698852289	0.117177161281	0.127848223094	0.159933591588	0.0527417530858	0.116347905282	0.134378523723	0.138802151097	0.136958973025	0.108378870674	0.132188394483	0.160952814641	0.0719923670743	1.0
43	boy1_11.jpg	161.0	0.042788367803	27.0	2.0	31.0	111.5	0.732446477267	-0.865921787709	0.122641509434	0.235849056604	1.0	0.11320754717	0.122641509434	0.235849056604	1.0	0.11320754717	0.135730617335	0.137439663734	0.124159911314	0.184877248897	0.12293586457	0.12048777108	0.17436892307	0.0	0.117445636131	0.138108826134	0.146196989078	0.13789235462	0.103060120043	0.129135097904	0.175853586539	0.0523073895503	0.102074371475	0.141248446611	0.162068635886	0.119300258102	0.0888825160119	0.135359908231	0.182697638849	0.0683682248351	0.0
44	boy111_5.jpg	105.0	0.0548659922695	3.0	4.0	87.3333333333	53.2	0.617629732142	-0.980544747082	0.217391304348	1.0	0.967391304348	0.195652173913	0.217391304348	1.0	0.967391304348	0.195652173913	0.138367387792	0.141555971803	0.117419963682	0.178103149978	0.11869253757	0.130932124626	0.17492886455	0.0	0.132612007808	0.15452554397	0.126565252583	0.119102033043	0.102699614341	0.14706232443	0.169071085083	0.0483621387421	0.120623994701	0.169516983631	0.137004446968	0.0923928470054	0.0885135774435	0.16414750686	0.173207020532	0.0545936228593	0.0
45	boy_44.jpg	11.0	0.0781746031746	21.0	10.0	103.0	173.0	1.08613582949	-7.53846153846	1.0	0.135135135135	0.567567567568	0.202702702703	1.0	0.135135135135	0.567567567568	0.202702702703	0.127454856992	0.122885637714	0.137164447959	0.192082948904	0.124818768947	0.115812134792	0.179781204692	0.0	0.118618275888	0.116183519744	0.14874838317	0.155329833371	0.118618275888	0.117515027011	0.169101422811	0.0558852621167	0.125483304042	0.117574692443	0.140597539543	0.141933216169	0.125237258348	0.11841827768	0.154446397188	0.076309314587	0.0
46	boy_41.jpg	27.0	0.082878953108	18.0	8.0	90.0	208.0	0.695768450589	-9.77777777778	0.348837209302	0.093023255814	1.0	0.0852713178295	0.348837209302	0.093023255814	1.0	0.0852713178295	0.128004690248	0.125827075016	0.134928389961	0.192718948044	0.126664619336	0.113263910215	0.178592367179	0.0	0.110453122345	0.118001116424	0.155449845885	0.154187801859	0.110987064049	0.116544911778	0.177608426571	0.056767711089	0.108279825782	0.11930312963	0.157693861973	0.13811683355	0.106685824615	0.120111355575	0.172937901307	0.0768712675677	0.0
47	girl_11_44.jpg	180.0	0.131589929058	5.0	7.0	37.3333333333	37.1666666667	0.499028483765	-1.1376146789	0.245098039216	1.0	0.627450980392	0.294117647059	0.245098039216	1.0	0.627450980392	0.294117647059	0.128676291393	0.128539816539	0.125186434399	0.199994151078	0.126746147022	0.120634023181	0.170223136387	0.0	0.121149882322	0.128108234537	0.134445305305	0.159778969988	0.11761954186	0.123320712793	0.161438156914	0.0541391962811	0.11146441152	0.129379655274	0.145190782221	0.139335556213	0.105636075184	0.127672161123	0.165889106994	0.0754322514722	1.0
48	girl_11_43.jpg	11.0	0.104123946229	8.0	9.0	70.0	48.5	0.806754635257	-1.10588235294	0.444444444444	1.0	0.75	0.333333333333	0.444444444444	1.0	0.75	0.333333333333	0.136858063294	0.137957172636	0.120181921546	0.180481334091	0.121281030889	0.127837786621	0.175402690923	0.0	0.126004836285	0.143781452193	0.132834455264	0.137311286844	0.108881772433	0.136298281158	0.165610090844	0.0492778249788	0.113127437414	0.145993206693	0.142030444081	0.12683985407	0.0990376147943	0.140929676689	0.166593282174	0.065448484086	1.0
49	boy_38.jpg	27.0	0.0678606965174	15.0	8.0	108.0	93.0	0.681515616999	-1.77586206897	0.758241758242	0.164835164835	1.0	0.0989010989011	0.758241758242	0.164835164835	1.0	0.0989010989011	0.131202691337	0.126502745758	0.135605798249	0.179884232919	0.121308069064	0.121110176619	0.184386286054	0.0	0.125595535188	0.124960297654	0.144289668315	0.137710422433	0.116929080267	0.127047506693	0.170152910749	0.0533145787014	0.135157084847	0.126522761274	0.132806155161	0.128745458431	0.131438341526	0.12502671511	0.149134430434	0.0711690532165	0.0
50	girl_11_33.jpg	175.0	0.11354523936	7.0	8.0	73.5	97.5	0.452050906532	-0.598901098901	0.297619047619	0.321428571429	1.0	0.416666666667	0.297619047619	0.321428571429	1.0	0.416666666667	0.127567672503	0.126342226914	0.127191545639	0.204297552749	0.129242043704	0.116356665332	0.169002293161	0.0	0.116255973016	0.121427902183	0.140775789375	0.168818514007	0.119357256629	0.115628220744	0.16132296449	0.0564133795559	0.103885501885	0.116625848922	0.153474719052	0.158303371372	0.108479669289	0.113647022042	0.165198964793	0.0803849026453	1.0
51	boy1_10.jpg	129.0	0.0766919529972	6.0	5.0	105.5	63.75	0.511136535459	-1.6	0.241379310345	0.413793103448	1.0	0.149425287356	0.241379310345	0.413793103448	1.0	0.149425287356	0.132695694209	0.133340239172	0.122198819102	0.187815798257	0.122762795944	0.126365341897	0.174821311419	0.0	0.125407643545	0.137554505148	0.1323788062	0.138168260599	0.110384375802	0.136739218057	0.168095709208	0.0512714814408	0.122492160367	0.145741308966	0.135381191624	0.112679974374	0.104789762956	0.148051050342	0.165542704926	0.0653218464443	0.0
52	boy_25.jpg	203.0	0.0660444158352	11.0	3.0	80.0	91.0	0.967586778301	-1.08860759494	0.172413793103	0.179310344828	1.0	0.110344827586	0.172413793103	0.179310344828	1.0	0.110344827586	0.133883158727	0.13441001844	0.123285172952	0.188595513587	0.12379176883	0.122555674887	0.173478692577	0.0	0.122227449926	0.136947170319	0.138005780347	0.141971367119	0.110045032935	0.12962091679	0.168520634494	0.052661648071	0.105859830198	0.139487264858	0.155535208923	0.123755618445	0.0945729981688	0.135791576494	0.176044614616	0.068952888297	0.0
53	girl_11_42.jpg	152.0	0.077207977208	11.0	8.0	84.0	86.5	0.672110499933	-0.887640449438	0.258823529412	1.0	0.447058823529	0.223529411765	0.258823529412	1.0	0.447058823529	0.223529411765	0.130874948485	0.131914207386	0.122310021681	0.194305577953	0.125141106273	0.124119765629	0.171334372592	0.0	0.123019815643	0.133907379809	0.131630512778	0.152784677375	0.114395319313	0.1294640393	0.16226472374	0.0525335320417	0.115015895092	0.136859229088	0.138237631631	0.137542221339	0.105590602027	0.134462547189	0.162378303199	0.0699135704351	1.0
54	boy.jpg	190.0	0.0395124126654	17.0	2.0	90.0	59.0	1.38335834805	-1.52586206897	0.347826086957	1.0	0.739130434783	0.391304347826	0.347826086957	1.0	0.739130434783	0.391304347826	0.158085718198	0.165548404765	0.0873613583459	0.0985896207038	0.0966041352869	0.190743530056	0.203067232644	0.0	0.155527074656	0.195322012176	0.0744633130407	0.0545338032682	0.105863505287	0.228580583146	0.165908362704	0.0198013457225	0.155104378819	0.195773930754	0.0704557026477	0.0580448065173	0.121817718941	0.227978615071	0.141929735234	0.0288951120163	0.0
55	girl_11_11.jpg	180.0	0.0637804080427	8.0	6.0	46.0	73.6666666667	0.580060425373	-0.566964285714	0.511111111111	0.933333333333	1.0	0.466666666667	0.511111111111	0.933333333333	1.0	0.466666666667	0.129833026475	0.128965356697	0.125875605782	0.197913359998	0.129282796859	0.116796817133	0.171333037056	0.0	0.115001287191	0.125262035232	0.145103159134	0.156779816851	0.113438270016	0.118182486852	0.168382920819	0.057850023905	0.0964622995053	0.122788937191	0.161763603658	0.147279268475	0.0962561834807	0.119060110928	0.177859391396	0.0785302053665	1.0
56	girl_11_5.jpg	155.0	0.136159070452	3.0	2.0	25.3333333333	13.25	0.751396226415	-0.913043478261	0.197530864198	0.456790123457	1.0	0.16049382716	0.197530864198	0.456790123457	1.0	0.16049382716	0.13170437214	0.133007117438	0.121727249619	0.192488561261	0.122267412303	0.127192425013	0.171612862227	0.0	0.127751000364	0.137413604947	0.126773372135	0.149031465988	0.115200982175	0.133866860677	0.159989996362	0.0499727173518	0.122191177049	0.14249734367	0.132501672504	0.127307071741	0.108417614419	0.140628074456	0.159104324899	0.0673527212624	1.0
57	boy1_13.jpg	155.0	0.0919937130882	8.0	5.0	81.0	108.5	0.500998235174	-0.677215189873	0.208791208791	0.494505494505	1.0	0.131868131868	0.208791208791	0.494505494505	1.0	0.131868131868	0.129294373842	0.128725582605	0.126336659408	0.194282835506	0.126206649982	0.120664998212	0.174488900445	0.0	0.11969549298	0.129217922714	0.138529620947	0.148025709243	0.111516476569	0.128888654743	0.170020809736	0.054105313068	0.11954678956	0.137622674849	0.139067312973	0.123021084553	0.105327252322	0.139282217818	0.166145323432	0.0699873444925	0.0
58	girl_11_59.jpg	182.0	0.0930549813973	13.0	5.0	79.0	112.0	0.634882477916	-1.08333333333	0.483870967742	0.870967741935	1.0	0.548387096774	0.483870967742	0.870967741935	1.0	0.548387096774	0.129473397741	0.128180704858	0.131378418832	0.194754388352	0.13018778065	0.110559259763	0.175466049803	0.0	0.101626676191	0.117309003539	0.162602681905	0.157797331082	0.105100814962	0.112795869996	0.18335010877	0.0594175135556	0.0940544277544	0.117245930488	0.167494186412	0.147570862925	0.0944629501603	0.116303186475	0.183143737037	0.079724718748	1.0
59	girl_11_14.jpg	66.0	0.090999130839	6.0	12.0	178.0	89.0	0.569147065536	-1.71287128713	0.454545454545	1.0	0.781818181818	0.381818181818	0.454545454545	1.0	0.781818181818	0.381818181818	0.133713676951	0.134330450385	0.12168659499	0.184653555559	0.12175668288	0.128064593	0.175794446236	0.0	0.127635585931	0.140316619011	0.129855638469	0.133656461399	0.110107631866	0.140072529465	0.16750354511	0.0508519887486	0.125947509092	0.149684528765	0.130131884502	0.112375673663	0.107183542917	0.151097577006	0.161120361039	0.0624589230163	1.0
60	boy_59.jpg	129.0	0.0793246332635	10.0	6.0	81.0	87.5	0.753719577797	-0.468085106383	0.612612612613	0.144144144144	1.0	0.144144144144	0.612612612613	0.144144144144	1.0	0.144144144144	0.129608453024	0.124531149941	0.133816668191	0.190879151038	0.126543774586	0.116503522093	0.178117281127	0.0	0.117094924612	0.11526863453	0.150456572521	0.153790613718	0.118369080484	0.11705245275	0.170227224464	0.0577404969208	0.124901497242	0.115300070507	0.142403882046	0.141843971631	0.126187217453	0.115963668035	0.154680436315	0.0787192567708	0.0
61	girl_11_37.jpg	76.0	0.101174496644	10.0	5.0	135.0	55.0	0.688367299999	-1.30097087379	0.418604651163	0.325581395349	1.0	0.53488372093	0.418604651163	0.325581395349	1.0	0.53488372093	0.127707896576	0.125262054507	0.126509933114	0.199635619447	0.12823200559	0.120395327942	0.172257162823	0.0	0.121045836023	0.122821174952	0.135773079406	0.160748870239	0.122256294383	0.120339735313	0.160748870239	0.0562661394448	0.110858646257	0.120505461213	0.146795025114	0.145479550347	0.112453161126	0.121422307263	0.163597225544	0.0788886231364	1.0
62	boy_51.jpg	95.0	0.115965787598	2.0	7.0	99.0	26.75	0.405236896309	-1.4696969697	0.40625	0.53125	1.0	0.28125	0.40625	0.53125	1.0	0.28125	0.142869919063	0.146849707105	0.123462862764	0.169342217055	0.11536913652	0.124491347315	0.177614810178	0.0	0.116756798817	0.145625024316	0.149671244602	0.129829202817	0.0974205345679	0.135742909388	0.178383846244	0.0465704392483	0.106594210471	0.143414498206	0.155397638207	0.12366321803	0.0958999547149	0.138502804194	0.17427805065	0.0622496255269	0.0
63	girl_11_6.jpg	151.0	0.0669014084507	28.0	11.0	110.0	87.0	0.826321313062	-1.25165562914	0.755555555556	0.777777777778	1.0	0.288888888889	0.755555555556	0.777777777778	1.0	0.288888888889	0.145558752035	0.150844093575	0.113311478335	0.162842041881	0.112151825338	0.137463482081	0.177828326755	0.0	0.138027318693	0.16911931175	0.124047241718	0.101897969965	0.0952758282394	0.159214398913	0.170232435288	0.0421854954343	0.125454160641	0.18005926135	0.131309746376	0.0879748844756	0.090038449328	0.171875551166	0.167342763413	0.0459451832516	1.0
64	boy_71.jpg	32.0	0.0449066825716	25.0	5.0	125.0	97.0	0.662273203534	-0.233333333333	1.0	0.115789473684	0.8	0.115789473684	1.0	0.115789473684	0.8	0.115789473684	0.127217818045	0.120800302001	0.134264502328	0.195964934357	0.129105322763	0.115221676943	0.177425443564	0.0	0.119229911544	0.115661934141	0.145209247008	0.157102505017	0.120419237345	0.117706087861	0.166840110013	0.0578309670705	0.127030329165	0.116177950266	0.137307747592	0.140613770303	0.126527238752	0.119124622682	0.152795745293	0.0804225959465	0.0
65	boy111_1.jpg	82.0	0.0624600533357	78.0	6.0	197.0	98.0	0.737540652282	-3.9	1.0	0.362068965517	1.0	0.224137931034	1.0	0.362068965517	1.0	0.224137931034	0.136924009701	0.131601994072	0.130524117489	0.167475074104	0.119644300728	0.128267313393	0.185563190515	0.0	0.131959193621	0.129556770307	0.135545419728	0.130427213537	0.12301103722	0.131994011351	0.16503603635	0.0524703178859	0.134413696213	0.130362335413	0.13026431862	0.124971411769	0.130133629562	0.131963276375	0.149050870716	0.0688404613324	0.0
66	boy1_20.jpg	160.0	0.0559216492352	11.0	2.0	29.0	101.5	0.429134897777	-1.08376963351	0.146341463415	0.154471544715	1.0	0.146341463415	0.146341463415	0.154471544715	1.0	0.146341463415	0.129140500516	0.128184459649	0.130677664261	0.198425344456	0.131221295342	0.109457306214	0.172893429562	0.0	0.101141051977	0.115348098534	0.163596816793	0.160834815032	0.107303768406	0.108702031798	0.182171278634	0.0609021388251	0.0832613942672	0.11104455524	0.183946723983	0.145540071528	0.0858335829178	0.109846549567	0.195451101989	0.085076020507	0.0
67	boy_14.jpg	22.0	0.0878917378917	7.0	16.0	146.0	112.0	1.24897374451	-2.43859649123	0.972222222222	0.916666666667	1.0	0.277777777778	0.972222222222	0.916666666667	1.0	0.277777777778	0.140681626826	0.138631621335	0.11436102061	0.167661163378	0.116447633342	0.142548596112	0.179668338397	0.0	0.142354379791	0.151301858093	0.111813653852	0.117420740255	0.116734766918	0.157952816964	0.158549315518	0.0438724686093	0.146724128218	0.157174243705	0.104529322292	0.106698214185	0.128640639964	0.163483747395	0.138527406907	0.0542222973354	0.0
68	boy111_9.jpg	161.0	0.0345559676795	55.0	1.0	124.0	133.0	0.839054505853	-0.795081967213	0.333333333333	1.0	0.347826086957	0.217391304348	0.333333333333	1.0	0.347826086957	0.217391304348	0.141402868886	0.144778028798	0.1157897602	0.167533139171	0.116388578894	0.134189825526	0.179917798525	0.0	0.137208229093	0.169633965655	0.121663306696	0.102402176289	0.0942896699133	0.15996696704	0.171577080955	0.0432586043574	0.127311234324	0.188610998739	0.124931585084	0.0834067058516	0.0843585655474	0.178830640364	0.167432120505	0.0451181495848	0.0
69	girl_11_62.jpg	64.0	0.119830827068	1.0	8.0	95.0	14.0	0.462310579162	-1.13114754098	0.350877192982	1.0	0.684210526316	0.298245614035	0.350877192982	1.0	0.684210526316	0.298245614035	0.139243912283	0.142921207229	0.12175433876	0.172653482219	0.115431185255	0.130185210099	0.177810664155	0.0	0.125301557131	0.146501937276	0.135207251992	0.132392718766	0.104137729366	0.141384604138	0.169054755465	0.0460194458659	0.1208357039	0.1471015867	0.134932675896	0.126367026993	0.105980150452	0.144351728934	0.159744610911	0.0606865162147	1.0
70	girl_11_30.jpg	9.0	0.0700322964474	5.0	4.0	47.0	59.5	0.64924498535	-1.07058823529	0.288461538462	0.980769230769	1.0	0.192307692308	0.288461538462	0.980769230769	1.0	0.192307692308	0.135713002336	0.137869078278	0.122896328682	0.17703779122	0.121159489729	0.125771096604	0.179553213152	0.0	0.117855798699	0.141835582558	0.140545190602	0.12812516802	0.10059680628	0.141674283564	0.180170976934	0.0491961933437	0.113582208102	0.150367355044	0.14073669579	0.113433280381	0.0937251787133	0.152551628276	0.174592930898	0.0610107227959	1.0
71	girl_11_55.jpg	80.0	0.0643548746105	3.0	14.0	277.0	117.0	0.471250547247	-0.93661971831	0.15625	1.0	0.8046875	0.1484375	0.15625	1.0	0.8046875	0.1484375	0.140302459742	0.144712972755	0.115352540129	0.173024511448	0.11556747741	0.135032197605	0.176007840912	0.0	0.135402333645	0.159227255215	0.122316858385	0.113827123122	0.101381473939	0.153420661566	0.168838406076	0.0455858880511	0.126170540209	0.174074653729	0.129848449279	0.0861634974046	0.0920585857005	0.171479249811	0.169483788507	0.0507212353601	1.0
72	boy111_10.jpg	67.0	0.050315176984	5.0	4.0	187.0	106.0	0.814058509497	-1.07236842105	0.267326732673	1.0	0.217821782178	0.178217821782	0.267326732673	1.0	0.217821782178	0.178217821782	0.145824967771	0.151911575121	0.108607899909	0.15478580637	0.10829088911	0.148847137392	0.181731724327	0.0	0.148641887062	0.178198713367	0.106129378127	0.0887419585418	0.0990171551108	0.176322373124	0.165171551108	0.0377769835597	0.143374881452	0.196636634602	0.103627557242	0.07173824685	0.0970905026419	0.194722937271	0.155907058664	0.0369021812762	0.0
73	girl_11_48.jpg	151.0	0.0934582511506	2.0	3.0	37.6666666667	20.2857142857	0.484380154803	-0.773006134969	0.487179487179	0.487179487179	1.0	0.384615384615	0.487179487179	0.487179487179	1.0	0.384615384615	0.128855572214	0.128415792104	0.125617191404	0.20099950025	0.127816091954	0.118700649675	0.169595202399	0.0	0.119408480088	0.126894520464	0.137448610174	0.162330490274	0.117368227281	0.119991409462	0.161425415721	0.0551328465362	0.105871428571	0.123957142857	0.151314285714	0.149571428571	0.105757142857	0.120042857143	0.166242857143	0.0772428571429	1.0
74	boy1_9.jpg	80.0	0.0580079230334	4.0	2.0	109.0	48.3333333333	0.508943236659	-0.56875	1.0	0.224719101124	0.707865168539	0.258426966292	1.0	0.224719101124	0.707865168539	0.258426966292	0.126660624682	0.123919626871	0.130020557484	0.202789628418	0.128230066978	0.117133446805	0.171246048763	0.0	0.117640094044	0.117369462627	0.141168112853	0.168180511155	0.120836927657	0.117504778336	0.16149929805	0.0558008152771	0.119027817608	0.115686836822	0.139374820763	0.156581588758	0.122110696874	0.117135073129	0.152193862919	0.0778893031259	0.0
75	girl_11_41.jpg	86.0	0.0712448559671	30.0	4.0	75.0	177.0	0.614699617172	-0.481865284974	0.333333333333	0.230769230769	1.0	0.538461538462	0.333333333333	0.230769230769	1.0	0.538461538462	0.119365587787	0.115749231524	0.136956577894	0.215689819957	0.138945573838	0.101412962054	0.171880246945	0.0	0.0963077482721	0.100559294289	0.164150600218	0.184453437614	0.115496544198	0.0960803928701	0.17708712259	0.0658648599491	0.0847974727367	0.0964817379263	0.175891466159	0.171477410421	0.0964168253419	0.0959624372512	0.185087415614	0.0938852345508	1.0
76	boy_36.jpg	109.0	0.0663600306636	46.0	2.0	89.0	80.5	0.629893890607	-1.78461538462	0.890625	0.109375	1.0	0.125	0.890625	0.109375	1.0	0.125	0.127583108715	0.121769462502	0.150943396226	0.176206331589	0.119338301358	0.110934940014	0.193224459595	0.0	0.11450181207	0.110772624613	0.167708388046	0.140343505436	0.114869478439	0.111035243448	0.184831136089	0.0559378118599	0.118982929205	0.113907827959	0.161736812426	0.129235658994	0.118367765418	0.112626236736	0.171323114779	0.073819654483	0.0
77	boy1_21.jpg	154.0	0.0625978811608	11.0	1.0	33.5	156.5	0.485880641581	-0.650602409639	0.166666666667	0.402777777778	1.0	0.152777777778	0.166666666667	0.402777777778	1.0	0.152777777778	0.138910383171	0.142062877941	0.129108990342	0.174218324592	0.1202246869	0.115323990485	0.180150746568	0.0	0.103702462724	0.137879041716	0.171357569665	0.121740101636	0.0857206678952	0.128553079801	0.198972468867	0.0520746076953	0.0902826005663	0.141006464021	0.182835621561	0.10609541108	0.0771408729099	0.137160104706	0.202307815588	0.0631711095678	0.0
78	girl_11_46.jpg	9.0	0.0860961458765	26.0	8.0	37.0	59.0	0.755758932082	-1.43181818182	0.41935483871	0.806451612903	1.0	0.483870967742	0.41935483871	0.806451612903	1.0	0.483870967742	0.124937697292	0.122570194384	0.129132746303	0.203397574348	0.131334108656	0.115675361356	0.172952317661	0.0	0.11337829468	0.118470855413	0.141525015484	0.167710412222	0.117507397977	0.118229991054	0.166024361709	0.057153671461	0.10999755561	0.120355658763	0.141499633341	0.155493766805	0.110669762894	0.121944512344	0.162399168907	0.0776399413346	1.0
79	boy_67.jpg	164.0	0.0826323602177	5.0	8.0	88.0	58.5	0.583972958916	-0.0	0.388888888889	0.5	1.0	0.333333333333	0.388888888889	0.5	1.0	0.333333333333	0.137682241131	0.139374035926	0.124993780166	0.17539931333	0.119122257053	0.124695228144	0.17873314425	0.0	0.118976905005	0.139766833636	0.143446074737	0.134004166851	0.103772330334	0.134979387384	0.175628352321	0.0494259497318	0.111575203672	0.143418386336	0.147926057649	0.121376287168	0.0984657375625	0.141226582854	0.171622348125	0.0643893966337	0.0
80	girl_11_10.jpg	155.0	0.155388471178	4.0	1.0	32.6666666667	35.0	0.816800825593	-0.868131868132	0.194029850746	1.0	0.65671641791	0.358208955224	0.194029850746	1.0	0.65671641791	0.358208955224	0.128948459306	0.128865552024	0.124886002487	0.198507668924	0.127345585187	0.12049191654	0.170954815531	0.0	0.120329694228	0.128637292854	0.135683528337	0.156909225349	0.116110651994	0.123678830847	0.163607498586	0.0550432778044	0.106890714669	0.128648693283	0.148528136741	0.142025515049	0.103422649767	0.127244952727	0.168799801825	0.0744395359399	1.0
81	girl_11_64.jpg	169.0	0.0424987413996	10.0	2.0	41.5	81.5	0.566402132911	-0.952662721893	0.290322580645	0.193548387097	1.0	0.247311827957	0.290322580645	0.193548387097	1.0	0.247311827957	0.137810168315	0.13933715079	0.122817976748	0.180878014923	0.122991497484	0.120909248655	0.175255943085	0.0	0.115193352091	0.139566838971	0.151050186482	0.131943990054	0.09942419682	0.130406333835	0.179742197213	0.0526729045345	0.099898989899	0.141784511785	0.165656565657	0.119292929293	0.0854208754209	0.135185185185	0.184713804714	0.0680471380471	1.0
82	boy_54.jpg	100.0	0.0939688201876	5.0	7.0	120.0	79.5	0.591194402539	-2.40625	0.404255319149	0.425531914894	1.0	0.234042553191	0.404255319149	0.425531914894	1.0	0.234042553191	0.136080852382	0.137487188044	0.123662193407	0.18113126594	0.1217076252	0.123256978047	0.17667389698	0.0	0.117638541257	0.137496638603	0.145067538216	0.134538609519	0.102910452392	0.134290383303	0.176881865006	0.0511759717022	0.112082232905	0.139708536794	0.147688624575	0.119929319223	0.101841120252	0.141456556022	0.172065892725	0.0652277175049	0.0
83	boy111_3.jpg	168.0	0.0864858572925	14.0	3.0	173.0	99.0	0.447807335344	-0.91061452514	0.267605633803	1.0	0.676056338028	0.140845070423	0.267605633803	1.0	0.676056338028	0.140845070423	0.145180518964	0.15049379627	0.114816831756	0.162974846563	0.112329452629	0.13558423973	0.178620314087	0.0	0.133330818844	0.165579149851	0.129257345453	0.100567017438	0.0930738379914	0.158840317329	0.17632859352	0.043022919574	0.12317414893	0.177511476778	0.135741966255	0.077088177428	0.0895248315746	0.176342932093	0.174363560484	0.0462529064568	0.0
84	boy1_15.jpg	175.0	0.0474479264402	13.0	4.0	95.5	160.5	0.763533329626	-0.623955431755	1.0	0.886363636364	0.818181818182	0.272727272727	1.0	0.886363636364	0.818181818182	0.272727272727	0.145116551982	0.147476929642	0.114098255721	0.159585533685	0.11133781405	0.140915879874	0.181469035046	0.0	0.141871608019	0.166017211542	0.120174705391	0.0943220748031	0.100985366658	0.16466336249	0.169819761487	0.04214590961	0.141798776081	0.18034741965	0.117127644196	0.0670144075555	0.109056521949	0.183684286609	0.157242326411	0.0437286175493	0.0
85	girl_11_17.jpg	172.0	0.0445479132092	7.0	3.0	77.5	119.666666667	0.646746916037	-0.284360189573	0.516129032258	0.58064516129	1.0	0.354838709677	0.516129032258	0.58064516129	1.0	0.354838709677	0.129191863661	0.128598130841	0.125849367784	0.20019791094	0.13106102254	0.114612424409	0.170489279824	0.0	0.11375411262	0.126555232008	0.144934387172	0.155315206293	0.110558559921	0.11821654124	0.172011496426	0.0586544643195	0.0959240371442	0.132421220886	0.163342974578	0.13373420612	0.0865809103364	0.12600852489	0.184636169889	0.0773519561577	1.0
86	boy111_2.jpg	92.0	0.0804886211513	3.0	4.0	63.5	29.25	0.308803338016	-0.553571428571	0.295454545455	0.193181818182	1.0	0.204545454545	0.295454545455	0.193181818182	1.0	0.204545454545	0.133741480883	0.134619383158	0.126926186901	0.188679681183	0.124916252743	0.116668591891	0.174448423241	0.0	0.112939084037	0.131816160718	0.152431383645	0.142831157282	0.103581389709	0.123428594527	0.17824083431	0.0547313957719	0.0958468990709	0.13148177559	0.170312872231	0.127431906615	0.0887199237672	0.127967918685	0.186254268244	0.0719844357977	0.0
87	boy_39.jpg	70.0	0.0756192959583	2.0	8.0	89.0	160.0	1.13238708731	-3.0	0.317647058824	0.176470588235	1.0	0.164705882353	0.317647058824	0.176470588235	1.0	0.164705882353	0.130310822898	0.127571556351	0.133105992844	0.18643783542	0.124105545617	0.118067978533	0.180400268336	0.0	0.11692461308	0.123315027459	0.148726909636	0.145481777334	0.111732401398	0.12441337993	0.174887668497	0.054518222666	0.121492743607	0.129693618982	0.142501727713	0.127021423635	0.113153651232	0.131951163326	0.162865699148	0.0713199723566	0.0
88	boy111_8.jpg	106.0	0.0210734463277	49.0	0.0	103.5	121.0	0.67953189213	-0.866396761134	0.385964912281	1.0	0.754385964912	0.385964912281	0.385964912281	1.0	0.754385964912	0.385964912281	0.144375470278	0.149736644093	0.122977802859	0.146256583898	0.111455981941	0.132994732882	0.192202784048	0.0	0.124252074889	0.175110982436	0.138679791546	0.0897027600849	0.079521327929	0.163964485621	0.190407257286	0.0383613202085	0.113549980996	0.189566704675	0.1415336374	0.0765393386545	0.0651843405549	0.178686811098	0.186621056632	0.0483181299886	0.0
89	boy_15.jpg	7.0	0.102609464839	10.0	8.0	43.0	48.0	0.448916976724	-0.148148148148	0.120481927711	0.144578313253	1.0	0.180722891566	0.120481927711	0.144578313253	1.0	0.180722891566	0.130953638188	0.130742422642	0.130267187665	0.191836519168	0.127468581688	0.112841905164	0.175889745485	0.0	0.105635138981	0.12304335452	0.160942984537	0.149938336021	0.101887866426	0.119248648136	0.183189450716	0.0561142206622	0.102550235054	0.123060282065	0.160252943379	0.141198984898	0.0998044681117	0.122893871947	0.176935557682	0.0733036568623	0.0
90	boy_52.jpg	18.0	0.0563593858596	13.0	6.0	69.0	109.0	0.665519059671	-2.87142857143	0.351851851852	0.203703703704	1.0	0.148148148148	0.351851851852	0.203703703704	1.0	0.148148148148	0.138002466091	0.140024660912	0.133119605425	0.171787916153	0.119013563502	0.115659679408	0.182392108508	0.0	0.10323641817	0.130714527599	0.169706351894	0.134971699482	0.0938512892458	0.122925838131	0.192395142954	0.0521987325238	0.0964557891837	0.128913782022	0.172986869893	0.129143329355	0.0920484803967	0.124873748967	0.186116977321	0.0694610228629	0.0
91	boy_13.jpg	85.0	0.0793695380774	4.0	2.0	26.75	18.3333333333	0.458806835866	-1.27173913043	0.112244897959	0.30612244898	1.0	0.132653061224	0.112244897959	0.30612244898	1.0	0.132653061224	0.135061151711	0.136643310982	0.122629900299	0.184685702805	0.123207514001	0.122755468495	0.175016951706	0.0	0.119743220228	0.13937289838	0.142342460369	0.131665138216	0.103235949168	0.134001484781	0.176732608411	0.0529062404472	0.105191496838	0.145818692902	0.157589599438	0.107036191145	0.0884355235418	0.146126141954	0.184491391427	0.0653109627547	0.0
92	girl_11_9.jpg	103.0	0.0696715049656	5.0	16.0	86.0	85.5	0.361276125191	-0.644670050761	0.184615384615	0.307692307692	1.0	0.2	0.184615384615	0.307692307692	1.0	0.2	0.129033752635	0.128385108995	0.128176616397	0.19911043158	0.128639933282	0.114995251002	0.171658906109	0.0	0.111480678676	0.121776664923	0.147675461544	0.164362059945	0.113087674714	0.117142536811	0.168902758054	0.0555721653337	0.105281073721	0.119983142061	0.151915969656	0.154152888543	0.107031705894	0.118183881216	0.16665045711	0.0768008817999	1.0
93	boy1_14.jpg	127.0	0.102656953977	15.0	3.0	8.5	83.0	0.286652904856	-1.47945205479	0.100775193798	0.077519379845	1.0	0.0542635658915	0.100775193798	0.077519379845	1.0	0.0542635658915	0.127316620241	0.127576601671	0.144846796657	0.183732590529	0.125236768802	0.103212627669	0.188077994429	0.0	0.0857872650976	0.110089399745	0.196132092684	0.141324575807	0.0844736361978	0.111804415253	0.21339171684	0.0569968983762	0.0995822703188	0.114328969133	0.172110235779	0.140149709832	0.0994420925734	0.11623538647	0.187361574476	0.0707897614175	0.0
94	girl1_3.jpg	31.0	0.0474790753288	35.0	8.0	138.0	90.0	0.482979932443	-0.578125	0.56	0.4	1.0	0.22	0.56	0.4	1.0	0.22	0.138979907264	0.143183925811	0.128500772798	0.169829984544	0.119814528594	0.119412673879	0.18027820711	0.0	0.106193903848	0.138837050861	0.160786753162	0.137563316449	0.0922124470512	0.124974080986	0.187001984656	0.0524304629876	0.0957060518732	0.1365129683	0.170028818444	0.128386167147	0.0815273775216	0.125850144092	0.188357348703	0.0736311239193	1.0
95	girl1_9.jpg	60.0	0.0419315207521	62.0	9.0	64.0	174.0	0.811819877168	-0.636363636364	0.41935483871	0.709677419355	1.0	0.451612903226	0.41935483871	0.709677419355	1.0	0.451612903226	0.141612843698	0.144491603617	0.124340284185	0.168665805499	0.117401734637	0.12589038568	0.177597342683	0.0	0.114848746759	0.1385306828	0.14551426102	0.143993085566	0.103889369058	0.131097666379	0.172653414002	0.0494727744166	0.108958916596	0.136076567485	0.146396249756	0.137867048636	0.102708509669	0.132560713588	0.165798554593	0.0696334396771	1.0
96	boy_11.jpg	78.0	0.0832521908471	72.0	12.0	55.0	116.0	0.955608355652	-0.189189189189	0.264150943396	0.301886792453	1.0	0.396226415094	0.264150943396	0.301886792453	1.0	0.396226415094	0.129341528689	0.127135840955	0.128841572802	0.195482751522	0.1291356645	0.116107402288	0.173955239244	0.0	0.109848957683	0.119310947447	0.150093621271	0.164398951442	0.113294220447	0.115890650356	0.170440644114	0.05672200724	0.100357574179	0.114731582562	0.161050462952	0.151933505411	0.104596367425	0.114210613559	0.173364275735	0.0797556181771	0.0
97	boy_60.jpg	65.0	0.0463270313177	15.0	3.0	76.5	115.5	0.680526558787	-2.24528301887	0.940476190476	0.202380952381	1.0	0.142857142857	0.940476190476	0.202380952381	1.0	0.142857142857	0.133566826653	0.127210619622	0.131880486012	0.176590132745	0.120465257059	0.126129632032	0.184157045877	0.0	0.134999366795	0.129342732914	0.134112879396	0.128540672886	0.122630756891	0.133944024653	0.163873527798	0.0525560386677	0.151777309606	0.132502577435	0.118158590703	0.115469093191	0.14308126765	0.133533551481	0.135864449325	0.0696131606078	0.0
98	girl1_2.jpg	57.0	0.0418035740784	51.0	3.0	98.0	64.0	0.457166396029	-0.425702811245	0.28	0.44	1.0	0.32	0.28	0.44	1.0	0.32	0.161982965268	0.17488652012	0.124343346764	0.133268730555	0.100117305044	0.125363390626	0.180037741623	0.0	0.0995540062542	0.157225611319	0.176603270621	0.115599528374	0.0769980007177	0.133490541857	0.198287794125	0.0422412467319	0.072872852582	0.151522829778	0.191759995946	0.109055896214	0.0651193432321	0.143414584706	0.205037247251	0.0612172502914	1.0
99	girl_11_31.jpg	15.0	0.0635998765051	9.0	4.0	44.0	116.0	0.74298659724	-0.951923076923	0.268292682927	0.243902439024	1.0	0.365853658537	0.268292682927	0.243902439024	1.0	0.365853658537	0.116818315233	0.110302318756	0.136425007338	0.224420311124	0.145289110655	0.0979747578515	0.168770179043	0.0	0.0913954771098	0.0900717043574	0.164478764479	0.199613899614	0.122173193602	0.0865416436845	0.174793160507	0.0709321566464	0.0754770883328	0.0836475831334	0.179522340304	0.191406696378	0.0986173008799	0.0831333561879	0.186150154268	0.102045480517	1.0
100	boy_42.jpg	46.0	0.0909209837781	8.0	10.0	101.0	152.0	0.406352158332	-33.5	0.886363636364	0.125	1.0	0.147727272727	0.886363636364	0.125	1.0	0.147727272727	0.125685111495	0.120692244162	0.139800285307	0.196411141978	0.126661160748	0.111982881598	0.178767174713	0.0	0.115549970236	0.111052318275	0.152986308618	0.163469806204	0.120279118989	0.109630266552	0.168265096898	0.0587671142271	0.118926319812	0.108482455582	0.149238998917	0.151149461886	0.122810927848	0.108928230274	0.157963446475	0.0825001592052	0.0
101	boy1_22.jpg	200.0	0.0819327731092	44.0	2.0	23.0	70.0	0.562769736086	-1.47169811321	0.139534883721	0.217054263566	1.0	0.093023255814	0.139534883721	0.217054263566	1.0	0.093023255814	0.1308092121	0.131309396951	0.131853076137	0.186394972055	0.123676141183	0.116282104256	0.179675097319	0.0	0.11197980445	0.12878431077	0.154085265914	0.141086264388	0.102126938076	0.125996119139	0.182212090955	0.0537292063073	0.108877806324	0.132587778953	0.154803284469	0.125938239887	0.0986348294796	0.134082246067	0.176817288802	0.0682585260188	0.0
102	girl_11_60.jpg	165.0	0.0805235137533	1.0	3.0	45.25	18.375	0.640615337044	-1.46551724138	0.327586206897	1.0	0.844827586207	0.275862068966	0.327586206897	1.0	0.844827586207	0.275862068966	0.130260862164	0.130665134687	0.123047789268	0.196072173284	0.123920166816	0.125260649389	0.170773224393	0.0	0.127015496581	0.133791329444	0.127862475689	0.153303218521	0.117604617605	0.12987012987	0.158510571554	0.0520421607378	0.120508513183	0.137321337054	0.135299812084	0.133534536758	0.110600193611	0.134758840613	0.157550822846	0.0704259438529	1.0
103	boy1_2.jpg	161.0	0.103649367321	7.0	1.0	19.5	23.75	0.378766851327	-1.66666666667	0.19801980198	0.29702970297	1.0	0.128712871287	0.19801980198	0.29702970297	1.0	0.128712871287	0.134752708017	0.136027069189	0.122360644212	0.184474765452	0.122031068046	0.124931338299	0.175422406785	0.0	0.123906969994	0.140869344363	0.137640143681	0.132506077428	0.105529552629	0.136388374878	0.172000290265	0.0511592467617	0.114938173802	0.146936244963	0.146540143974	0.110288292633	0.0971308511005	0.146402369717	0.173268349809	0.064495574002	0.0
104	girl_11_56.jpg	141.0	0.137347294939	1.0	6.0	20.375	17.6	0.643652233621	-1.9512195122	0.345132743363	1.0	0.53982300885	0.194690265487	0.345132743363	1.0	0.53982300885	0.194690265487	0.130274425118	0.130808950086	0.121754097134	0.19470606472	0.122074812114	0.129151922686	0.171229728141	0.0	0.130207562254	0.135463239866	0.122634945074	0.1522666035	0.119037396737	0.134574956326	0.155952980191	0.0498623160513	0.129298668071	0.141489201595	0.124194195701	0.128947500439	0.115672109765	0.141225825871	0.151353249555	0.0678192490029	1.0
105	girl_11_23.jpg	175.0	0.0620700437774	7.0	4.0	70.5	115.5	0.631997745338	-0.782857142857	0.224489795918	0.469387755102	1.0	0.387755102041	0.224489795918	0.469387755102	1.0	0.387755102041	0.133815652954	0.135273828552	0.123159754353	0.188665488909	0.125375059589	0.120467737865	0.173242477777	0.0	0.117581077786	0.136088758839	0.143013899049	0.144233113875	0.106608144355	0.126773957571	0.171787368934	0.0539136795903	0.100423647217	0.140597920277	0.155979202773	0.131739842095	0.0902176006162	0.133545156942	0.17901502022	0.0684816098594	1.0
106	girl1_1.jpg	66.0	0.0865763546798	16.0	6.0	17.5	10.8571428571	0.323589425198	-0.539325842697	0.183333333333	0.183333333333	1.0	0.166666666667	0.183333333333	0.183333333333	1.0	0.166666666667	0.131273915594	0.130575650085	0.133201128397	0.18942546714	0.128620506661	0.10873390498	0.178169427143	0.0	0.0976560355712	0.119695888456	0.174370093868	0.145386177746	0.0951858154471	0.114233957293	0.194845474008	0.058626557611	0.0908158555971	0.11968616994	0.179272857802	0.135634070048	0.0884313624942	0.117429875391	0.192810625096	0.0759191836316	1.0
107	girl_11_63.jpg	134.0	0.0918687118588	3.0	12.0	102.0	86.0	0.633542579729	-0.107438016529	0.4	1.0	0.822222222222	0.422222222222	0.4	1.0	0.822222222222	0.422222222222	0.131052164481	0.131380863163	0.126088814384	0.188245735135	0.126713341879	0.119679190086	0.176839890872	0.0	0.11193413209	0.128932302426	0.146314112023	0.149442247536	0.107153396683	0.126217316886	0.176149442248	0.0538570501092	0.106488088703	0.133384564716	0.149385223405	0.136211439236	0.0956197167636	0.131984850148	0.174113514107	0.0728126029202	1.0
108	boy_23.jpg	205.0	0.0536916786917	99.0	0.0	33.0	133.5	0.844702493621	-0.543956043956	0.247191011236	0.258426966292	1.0	0.123595505618	0.247191011236	0.258426966292	1.0	0.123595505618	0.131793916822	0.132067039106	0.12504034761	0.192725015518	0.126157666046	0.119255121043	0.172960893855	0.0	0.118063631833	0.131749460043	0.143130088054	0.144604585479	0.109258182422	0.125436118957	0.172578501412	0.0551794317993	0.103607809847	0.136247877759	0.161969439728	0.115640916808	0.0903013582343	0.134125636672	0.184146859083	0.0739601018676	0.0
109	boy1_3.jpg	68.0	0.0792036068804	27.0	4.0	129.0	110.0	0.530522169289	-0.73125	0.277108433735	0.180722891566	1.0	0.33734939759	0.277108433735	0.180722891566	1.0	0.33734939759	0.129013988786	0.126729720035	0.133752430575	0.191331105699	0.128221102112	0.111948047045	0.179003605747	0.0	0.103852688113	0.115671982609	0.164026963336	0.150782777078	0.104985294386	0.116475767706	0.18556475037	0.0586397764016	0.106467171631	0.118423287252	0.157773173466	0.140382459835	0.106280357325	0.120274447199	0.174382663632	0.076016439659	0.0
110	girl_11_51.jpg	165.0	0.100595801768	2.0	10.0	91.0	34.5714285714	0.483132628698	-0.988950276243	0.285714285714	0.528571428571	1.0	0.285714285714	0.285714285714	0.528571428571	1.0	0.285714285714	0.129703831817	0.130004619235	0.124633415334	0.19800406063	0.125836565008	0.12122807206	0.170589435916	0.0	0.121528332641	0.130117613219	0.134687909489	0.15692415865	0.116111093355	0.124868164531	0.162541148646	0.0532215794688	0.111421777041	0.132009800389	0.145968148735	0.136881170282	0.104547092311	0.129235425524	0.166419254882	0.0735173308352	1.0
111	girl1_4.jpg	97.0	0.0446531553798	16.0	15.0	149.0	60.6666666667	0.377566718587	-1.028	0.317073170732	0.341463414634	1.0	0.317073170732	0.317073170732	0.341463414634	1.0	0.317073170732	0.133126743105	0.133994422064	0.132135110009	0.185600661089	0.125482904659	0.111600041318	0.178060117756	0.0	0.0997458334142	0.122135775402	0.1689722745	0.148503133428	0.0981354649696	0.11652858889	0.189945868338	0.0560330610582	0.0941249446167	0.121559592379	0.172246344705	0.138289765175	0.092264067346	0.118901196278	0.186389011963	0.0762250775366	1.0
112	boy_19.jpg	164.0	0.0475685234306	11.0	1.0	37.0	34.5	0.889171561442	-1.21428571429	0.333333333333	1.0	1.0	0.222222222222	0.333333333333	1.0	1.0	0.222222222222	0.14000132389	0.143443436817	0.117098034024	0.169126894817	0.117230422983	0.13351426491	0.179585622559	0.0	0.126297273527	0.152565230138	0.131398416887	0.118205804749	0.10085019056	0.151040750513	0.174377015538	0.0452653180885	0.115401613081	0.156336316429	0.136117556071	0.108827753839	0.0945199425478	0.160148049939	0.171914705557	0.0567340625345	0.0
113	girl_11_36.jpg	129.0	0.128689492326	3.0	6.0	76.0	13.375	0.440159854856	-1.07692307692	0.888888888889	0.25	1.0	0.222222222222	0.888888888889	0.25	1.0	0.222222222222	0.130158971629	0.128074845972	0.125869019548	0.195983874648	0.126538373773	0.121198752567	0.172176161862	0.0	0.123157142153	0.126892165081	0.13649474878	0.152975691534	0.117955229032	0.124451457029	0.162874118633	0.055199447759	0.117860695921	0.127233935442	0.143475290367	0.134078078366	0.112191204497	0.128264752065	0.161502595021	0.0753934483213	1.0
114	girl_11_2.jpg	83.0	0.0673962264151	0.0	1.0	1.0	1.0	0.8	-1.08661417323	0.522727272727	0.431818181818	1.0	0.113636363636	0.522727272727	0.431818181818	1.0	0.113636363636	0.138936009801	0.14016115352	0.11452737725	0.168999151824	0.11483366318	0.142305155028	0.180237489398	0.0	0.14202622262	0.155254250477	0.111990818192	0.11278839046	0.11269112555	0.159884060226	0.161226315994	0.0441388164806	0.142211269432	0.16522448072	0.108636439437	0.0970001297041	0.116826326224	0.170134706961	0.148085011766	0.0518816357539	1.0
115	boy_55.jpg	106.0	0.0468339523508	56.0	2.0	88.0	57.0	0.750231024702	-2.0	1.0	0.27027027027	0.945945945946	0.243243243243	1.0	0.27027027027	0.945945945946	0.243243243243	0.134661593913	0.131057268722	0.138566279535	0.168101722066	0.117440929115	0.120945134161	0.189227072487	0.0	0.123908186065	0.127056672761	0.153057079017	0.127056672761	0.113345521024	0.126041031891	0.176823075361	0.0527117611213	0.124225933571	0.123193844999	0.14730718709	0.129480202665	0.123569149934	0.12469506474	0.159410771252	0.0681178457497	0.0
116	girl_11_57.jpg	128.0	0.125118708452	6.0	3.0	50.0	47.4	0.377973110986	-0.581560283688	0.0880503144654	0.421383647799	1.0	0.0691823899371	0.0880503144654	0.421383647799	1.0	0.0691823899371	0.130534621727	0.131320603511	0.124801578128	0.196110160741	0.12603449073	0.119946984758	0.171251560405	0.0	0.120108253101	0.131879580399	0.13819035302	0.152260861235	0.112851463333	0.124095895004	0.166510992959	0.0541026009484	0.104011784473	0.133875756669	0.156650631804	0.128236702189	0.0935852878219	0.131056229429	0.178401270513	0.0741823371004	1.0
117	boy_63.jpg	149.0	0.0929133858268	8.0	4.0	55.0	68.3333333333	0.363481227925	-1.12765957447	0.438596491228	0.228070175439	1.0	0.228070175439	0.438596491228	0.228070175439	1.0	0.228070175439	0.130805100876	0.129377617054	0.12868766654	0.193114769699	0.128568709555	0.114769699277	0.174676437	0.0	0.109031593407	0.121115212912	0.155133928571	0.150819883242	0.107786744505	0.119076236264	0.179408482143	0.057627918956	0.105324500061	0.123440886599	0.159121580174	0.132131026868	0.10156218051	0.125097125097	0.177237966712	0.0760847339795	0.0
118	girl_11_13.jpg	183.0	0.0399956408021	3.0	0.0	21.6	19.7	0.554535988546	-0.212871287129	0.292682926829	1.0	0.853658536585	0.390243902439	0.292682926829	1.0	0.853658536585	0.390243902439	0.130679994498	0.131000962905	0.124489889495	0.19551561282	0.130175615572	0.116190563529	0.171947361181	0.0	0.112584459459	0.12972972973	0.146072635135	0.146157094595	0.106376689189	0.122888513514	0.177449324324	0.0587415540541	0.0945615982242	0.140954495006	0.163773584906	0.121420643729	0.0777802441731	0.135538290788	0.191964483907	0.0740066592675	1.0
119	girl_11_22.jpg	169.0	0.113623033858	8.0	3.0	42.0	47.0	0.791897359044	-2.27450980392	0.35	0.65	1.0	0.225	0.35	0.65	1.0	0.225	0.13300801872	0.133778500699	0.122135661901	0.189452957795	0.123876380447	0.124703935165	0.173044545273	0.0	0.123589480556	0.136155926513	0.134034318754	0.144572414436	0.112678354938	0.131096708011	0.165252261494	0.052620535298	0.109983812499	0.137456966325	0.146804678416	0.129819201569	0.100864093386	0.135610223205	0.169467180411	0.0699938441896	1.0
120	girl_11_35.jpg	160.0	0.126329649007	5.0	15.0	74.5	32.8333333333	0.541656832937	-1.99038461538	0.325842696629	1.0	0.808988764045	0.269662921348	0.325842696629	1.0	0.808988764045	0.269662921348	0.132501862328	0.134161362413	0.120044548358	0.189264140785	0.120922239514	0.130385077775	0.172720768828	0.0	0.131247502079	0.141374207417	0.122481825939	0.141736068354	0.114439871674	0.139203041792	0.160066755242	0.0494507275025	0.126865455528	0.149709442632	0.126933027009	0.117521285017	0.108341216673	0.149081993166	0.157856632624	0.0636909473522	1.0
121	boy1_19.jpg	137.0	0.0698362939742	5.0	3.0	126.0	139.0	0.420187041461	-0.636771300448	0.104651162791	0.168604651163	1.0	0.0755813953488	0.104651162791	0.168604651163	1.0	0.0755813953488	0.129785653458	0.129477632223	0.129550107807	0.197224185103	0.129513870015	0.111630519469	0.172818031925	0.0	0.105549510337	0.120058034095	0.159152197568	0.157149390484	0.106889971771	0.113308416521	0.179511441233	0.0583810379903	0.0903040820946	0.116547196861	0.175854523504	0.142714857014	0.0915566286878	0.114434467668	0.188259262054	0.0803289821173	0.0
122	boy1_16.jpg	181.0	0.0636941504997	43.0	2.0	46.0	80.5	0.72596619674	-0.221538461538	0.151515151515	0.636363636364	1.0	0.19696969697	0.151515151515	0.636363636364	1.0	0.19696969697	0.134766967137	0.136080682323	0.124358300659	0.185981648409	0.124418933667	0.119447026961	0.174946440842	0.0	0.116516926741	0.138706457206	0.14669258656	0.133224749996	0.099441321214	0.132173943502	0.180388448134	0.0528555666474	0.108658771598	0.149424340751	0.154382092797	0.106665788217	0.08650536129	0.146014856785	0.183420354784	0.0649284337786	0.0
123	boy_50.jpg	47.0	0.0739717618171	2.0	10.0	76.0	127.0	0.646482152923	-2.05797101449	0.225806451613	0.322580645161	1.0	0.177419354839	0.225806451613	0.322580645161	1.0	0.177419354839	0.134415990006	0.135040599625	0.130834894857	0.175598584218	0.119883406204	0.120549656465	0.183676868624	0.0	0.113791255073	0.13396891033	0.153878551191	0.129336090053	0.100352247492	0.132705413891	0.185427674401	0.0505398575695	0.109718625928	0.135128603487	0.153668220266	0.122320041429	0.102364923183	0.137925081996	0.175176937683	0.063697566028	0.0
124	girl_11_38.jpg	40.0	0.0376674059174	42.0	3.0	56.5	73.0	0.8109674466	-0.637404580153	0.46875	0.96875	1.0	0.4375	0.46875	0.96875	1.0	0.4375	0.142805268544	0.148681213482	0.116033407058	0.167464430727	0.115835341498	0.131581553494	0.177598785198	0.0	0.128572697924	0.162840979771	0.133667031958	0.110327873708	0.0927050321358	0.150904836656	0.176228415721	0.0447531321269	0.116673786131	0.175679908871	0.140680620817	0.0929517300299	0.0803360387299	0.164915278371	0.176733589634	0.0520290474156	1.0
125	boy1_4.jpg	33.0	0.0902307454671	24.0	8.0	121.0	116.5	0.444703574703	-0.570588235294	0.589285714286	0.0892857142857	1.0	0.178571428571	0.589285714286	0.0892857142857	1.0	0.178571428571	0.123873406155	0.119823898326	0.139261535906	0.198467417037	0.130207251734	0.108589109939	0.179777380903	0.0	0.105239629706	0.108089481625	0.162050403263	0.162739583139	0.112392199229	0.109598226759	0.180136718386	0.059753757893	0.110992422472	0.109573722335	0.154604933738	0.150231999199	0.114297159262	0.111476449578	0.167924024435	0.0808992889809	0.0
126	boy_17.jpg	8.0	0.0978220745663	19.0	9.0	42.0	76.5	0.762061575502	-0.791304347826	0.296296296296	0.87037037037	1.0	0.296296296296	0.296296296296	0.87037037037	1.0	0.296296296296	0.133814513937	0.135898287682	0.122217860055	0.187509437381	0.123274846737	0.123727841029	0.173557213179	0.0	0.121750624174	0.139105105987	0.136804229696	0.141161208205	0.107064179762	0.133157096	0.169481568512	0.0514759876634	0.111851509753	0.143454069627	0.144817576037	0.127597809593	0.0973367640914	0.139561478745	0.169734556091	0.0656462360625	0.0
127	boy_74.jpg	56.0	0.0795502645503	7.0	7.0	108.0	116.0	0.380554002734	-5.70588235294	0.315789473684	0.0986842105263	1.0	0.118421052632	0.315789473684	0.0986842105263	1.0	0.118421052632	0.131647838494	0.129053560058	0.129902596637	0.189240819792	0.125775335487	0.117709487984	0.176670361548	0.0	0.115449771303	0.12243774352	0.150580213451	0.147679146197	0.111955785194	0.121844824665	0.17414873793	0.0559037777401	0.115229977485	0.121180443873	0.149726600193	0.135976198134	0.116235123834	0.122828883885	0.164240913477	0.0745818591187	0.0
128	girl_11_18.jpg	54.0	0.0553146853147	18.0	7.0	41.0	69.5	0.604110657018	-0.583941605839	0.225	0.55	1.0	0.25	0.225	0.55	1.0	0.25	0.157349033502	0.166779555046	0.111915802636	0.139269525348	0.103162611369	0.139738446309	0.181785025791	0.0	0.133078027764	0.188559119196	0.132934418382	0.0876974629009	0.0799904260412	0.165390138822	0.178410722834	0.0339396840594	0.110532103074	0.192331596309	0.149734665583	0.0791222450638	0.0697996844672	0.174547019171	0.181526987618	0.042405698714	1.0
129	boy_56.jpg	143.0	0.0594660194175	33.0	3.0	59.0	57.5	0.751544466586	-1.75925925926	1.0	0.184615384615	0.615384615385	0.215384615385	1.0	0.184615384615	0.615384615385	0.215384615385	0.124658983353	0.11257725071	0.144702410779	0.193530427036	0.127999554591	0.112855631646	0.183675741885	0.0	0.129461617863	0.106209594176	0.144129950562	0.156625196936	0.133699136198	0.109251915032	0.160102135057	0.060520454175	0.143494610178	0.114113812986	0.126898972173	0.141288543495	0.14214088744	0.111857608423	0.139884682878	0.0803208824267	0.0
130	boy_73.jpg	80.0	0.0797767145136	19.0	7.0	134.0	193.0	0.477720991901	-3.55172413793	0.478260869565	0.217391304348	1.0	0.420289855072	0.478260869565	0.217391304348	1.0	0.420289855072	0.135845664944	0.134818476551	0.130292427696	0.174589927134	0.118832857189	0.123166308221	0.182454338266	0.0	0.119394518421	0.130889114468	0.147429390339	0.132232638682	0.109482295336	0.131754941183	0.177464620529	0.0513524810414	0.121225194133	0.135058958873	0.143543284441	0.119672131148	0.115645671556	0.136842105263	0.162956571757	0.06505608283	0.0
131	boy_48.jpg	35.0	0.0669109749163	7.0	3.0	104.0	117.0	0.769841269841	-1.96153846154	0.346153846154	0.538461538462	1.0	0.269230769231	0.346153846154	0.538461538462	1.0	0.269230769231	0.148132605959	0.153755770038	0.120520352497	0.141586235837	0.103483004616	0.14250944188	0.190012589173	0.0	0.130829015544	0.160316976532	0.129381286193	0.10103626943	0.101798232246	0.162069491009	0.176470588235	0.0380981408107	0.127121653292	0.161920318159	0.128186918543	0.0950926780768	0.108159931823	0.167317662098	0.161352176692	0.0508486613167	0.0
132	boy_46.jpg	90.0	0.0766849078341	21.0	4.0	44.5	31.0	1.11833975051	-1.07407407407	1.0	0.12	0.306666666667	0.0933333333333	1.0	0.12	0.306666666667	0.0933333333333	0.127814088598	0.117162914549	0.136690066973	0.189139030098	0.127652707173	0.119745017349	0.18179617526	0.0	0.131764188297	0.114386273647	0.135063792345	0.154568118492	0.13447719607	0.116879307816	0.155741311043	0.0571198122892	0.137126929091	0.113671901557	0.130396355973	0.144605343667	0.138282684071	0.114555714189	0.141749949011	0.079611122442	0.0
133	girl_11_12.jpg	67.0	0.0970221327968	4.0	4.0	94.0	80.0	0.574343297101	-0.587096774194	0.229166666667	0.395833333333	1.0	0.354166666667	0.229166666667	0.395833333333	1.0	0.354166666667	0.132899511951	0.133775497435	0.122913277437	0.193242397697	0.125766487298	0.120335377299	0.171067450882	0.0	0.120896247419	0.136218273084	0.137958952354	0.147006436465	0.10944014897	0.127312472169	0.167611221309	0.053556248229	0.105046011104	0.141835881056	0.15191269298	0.130104950947	0.0922883869496	0.135371511142	0.175089360408	0.0683512054149	1.0
134	boy_69.jpg	35.0	0.0644994840041	10.0	10.0	105.0	175.0	0.571569648334	-0.6	1.0	0.168316831683	0.831683168317	0.168316831683	1.0	0.168316831683	0.831683168317	0.168316831683	0.126428308146	0.120489822665	0.137649997952	0.193553671622	0.128639882049	0.112995044436	0.180243273129	0.0	0.114280259641	0.111187476136	0.154944635357	0.157617411226	0.117373043146	0.113058419244	0.172699503627	0.0588392516228	0.122515522564	0.111693086822	0.143848208401	0.151271289327	0.12556800444	0.110513718825	0.155086891672	0.0795032779493	0.0
135	boy1_1.jpg	32.0	0.0571290634052	30.0	5.0	69.0	90.5	0.578481275641	-0.76404494382	0.325	1.0	0.775	0.225	0.325	1.0	0.775	0.225	0.157949428472	0.168605717313	0.106562888404	0.138776258685	0.102202571365	0.145540862691	0.18036227307	0.0	0.138792716836	0.190869136245	0.126092026191	0.0806709121894	0.0814602206476	0.172571531079	0.175728764912	0.0338146919006	0.117928655994	0.194900567938	0.140114273949	0.0757708344057	0.0764571644275	0.180950910245	0.175460270071	0.0384173229698	0.0
136	girl_11_25.jpg	136.0	0.0495618986185	10.0	3.0	93.0	90.0	0.657970978229	-1.02259887006	0.375	1.0	0.738636363636	0.147727272727	0.375	1.0	0.738636363636	0.147727272727	0.135297635403	0.137447269318	0.119377414297	0.183672479837	0.12068658984	0.129252800181	0.174265811123	0.0	0.129995471893	0.146451905039	0.12677404748	0.130370657869	0.108001811243	0.142040235462	0.166699010285	0.0496668607284	0.121183850337	0.157789425874	0.134367749776	0.105630777163	0.0971238476364	0.155874446068	0.168358641346	0.0596712617998	1.0
137	boy_62.jpg	19.0	0.0664506154487	23.0	12.0	116.0	145.0	0.865286997463	-0.96875	0.964705882353	0.129411764706	1.0	0.152941176471	0.964705882353	0.129411764706	1.0	0.152941176471	0.131412019213	0.126425402413	0.135481978514	0.183038169618	0.121915447512	0.119935467312	0.181791515418	0.0	0.12436127373	0.120740414876	0.145071232784	0.14544347061	0.120875774085	0.121721769145	0.167202463538	0.0545836012318	0.131909588951	0.1212151035	0.136830364465	0.134271561198	0.130433356297	0.120427779418	0.150378899715	0.0745333464554	0.0
138	boy_58.jpg	39.0	0.0776486671224	9.0	11.0	75.0	148.0	0.537545035739	-0.701298701299	0.324324324324	0.117117117117	1.0	0.153153153153	0.324324324324	0.117117117117	1.0	0.153153153153	0.127001546366	0.123858931511	0.140769192398	0.185962986981	0.121564323839	0.116027335761	0.184815683145	0.0	0.117890560993	0.120089689966	0.150144452589	0.151136216636	0.115130869734	0.119486007503	0.172394463369	0.0537277392092	0.120390328017	0.119880863738	0.144766234275	0.142375671121	0.120429517577	0.120194380217	0.158952854959	0.073010150096	0.0
139	girl1_6.jpg	18.0	0.0666561998465	28.0	10.0	112.0	253.0	0.579836653716	-0.939086294416	0.172413793103	0.310344827586	1.0	0.327586206897	0.172413793103	0.310344827586	1.0	0.327586206897	0.136380263809	0.139586426527	0.130054009855	0.176747789039	0.121705076066	0.115099089794	0.18042734491	0.0	0.104180451128	0.136842105263	0.166275689223	0.134536340852	0.0879398496241	0.126295739348	0.192521303258	0.0514085213033	0.101909180277	0.138023213701	0.164548229654	0.127675353121	0.087525654071	0.129158546471	0.182846696446	0.0683131262611	1.0
140	boy_24.jpg	99.0	0.0732142857143	3.0	9.0	198.0	82.0	0.564117963251	-1.30158730159	0.561797752809	0.370786516854	1.0	0.47191011236	0.561797752809	0.370786516854	1.0	0.47191011236	0.131749106485	0.13194008676	0.123509671787	0.190011731645	0.123073145445	0.125569530461	0.174146727417	0.0	0.12490300888	0.134462022588	0.132091128546	0.143967152341	0.11277911889	0.134418915424	0.165703939995	0.0516747133374	0.124233158705	0.14135197772	0.13213040684	0.122704344947	0.110259606209	0.142968430483	0.159697742809	0.0666543322882	0.0
141	girl_11_24.jpg	109.0	0.0582802979012	10.0	8.0	68.0	41.0	0.560759170979	-0.824561403509	0.323529411765	0.411764705882	1.0	0.411764705882	0.323529411765	0.411764705882	1.0	0.411764705882	0.124250073763	0.119988197882	0.132937743828	0.209487591384	0.136117758909	0.106514113366	0.170704520867	0.0	0.10205684255	0.10553021837	0.158385937358	0.178954362862	0.116886647135	0.101543386994	0.172883505995	0.0637590987345	0.0939251089567	0.104153695633	0.164161404133	0.168015654185	0.10296777254	0.10296777254	0.175546265825	0.0882623261881	1.0
142	girl_11_39.jpg	156.0	0.0866576948957	6.0	4.0	86.5	93.0	0.606853416502	-1.29850746269	0.20325203252	0.317073170732	1.0	0.121951219512	0.20325203252	0.317073170732	1.0	0.121951219512	0.130645928697	0.130449049236	0.123705927712	0.192941871339	0.125231743532	0.123607487982	0.173417991501	0.0	0.123116175771	0.132145312252	0.133903548199	0.146303738565	0.114629051875	0.129792184443	0.166239225847	0.053870763048	0.113239826568	0.136720994619	0.145000783576	0.121010290968	0.10187797106	0.139228438594	0.171498720159	0.0714229744554	1.0
143	boy1_17.jpg	188.0	0.0708902161547	40.0	0.0	88.5	100.0	0.701333540732	-1.21276595745	0.282051282051	1.0	0.423076923077	0.141025641026	0.282051282051	1.0	0.423076923077	0.141025641026	0.145916520442	0.15136023875	0.117288641419	0.162302941542	0.112024538182	0.132362490847	0.178744628819	0.0	0.129437151591	0.163531738896	0.136042678175	0.103518551819	0.0912186057663	0.153941137685	0.178960618594	0.0433495174729	0.11824189824	0.174604438479	0.144006005938	0.0803635412283	0.0858803589913	0.170236483796	0.178494648118	0.048172625209	0.0
144	girl_11_40.jpg	139.0	0.148400454151	1.0	10.0	78.0	146.0	0.450423634563	-0.520833333333	0.351351351351	0.486486486486	1.0	0.621621621622	0.351351351351	0.486486486486	1.0	0.621621621622	0.132623682612	0.133284027576	0.123484508307	0.193745212499	0.124963681027	0.121001611242	0.170897276737	0.0	0.120092615359	0.132980903205	0.138267355135	0.154454552905	0.112593230063	0.125481517908	0.163859519711	0.0522703057126	0.108095810127	0.130446652834	0.148210840523	0.145480688726	0.105274653271	0.1259874049	0.164646354337	0.0718575952823	1.0
145	boy_70.jpg	108.0	0.0640120967742	7.0	5.0	62.0	154.0	0.950705793409	-0.457317073171	0.711711711712	0.0990990990991	1.0	0.0990990990991	0.711711711712	0.0990990990991	1.0	0.0990990990991	0.126186783674	0.120966826796	0.13348715815	0.199455308847	0.130650225063	0.113401671899	0.17585202557	0.0	0.114687993548	0.114385564031	0.149635404415	0.159514768641	0.11663698377	0.115897711617	0.170234214859	0.0590073591182	0.121259400256	0.113864012232	0.142291010079	0.146253939526	0.122663587855	0.116890816613	0.156301681905	0.0804755515337	0.0
146	boy_27.jpg	95.0	0.0473091142547	200.0	3.0	68.0	53.5	1.04775359413	-1.5	1.0	0.586956521739	0.934782608696	0.347826086957	1.0	0.586956521739	0.934782608696	0.347826086957	0.130238121939	0.130275503719	0.125752308325	0.189002280289	0.123434637957	0.126836379948	0.174460767822	0.0	0.125301041349	0.124079915878	0.137240934839	0.149553950002	0.119059733388	0.124351277094	0.162714968963	0.0576981784878	0.128497061293	0.129941225861	0.131754827876	0.132661628883	0.121679261125	0.131754827876	0.150864819479	0.0728463476071	0.0
147	boy1_18.jpg	151.0	0.0521150914634	9.0	5.0	157.0	102.0	0.440216030961	-0.0	0.184782608696	1.0	0.510869565217	0.20652173913	0.184782608696	1.0	0.510869565217	0.20652173913	0.130675203725	0.131134734391	0.126508792353	0.193048832792	0.127795478218	0.11669015379	0.17414680473	0.0	0.112719138672	0.129293500963	0.148549406422	0.145665736885	0.105186562639	0.124186441363	0.177938580534	0.0564606325208	0.101939463642	0.134821475247	0.159064770767	0.126169689999	0.0903601861049	0.132678132678	0.182759161483	0.0722071200795	0.0
148	boy1_6.jpg	73.0	0.0587937556609	9.0	7.0	263.0	257.0	0.672234340138	-2.41666666667	0.433333333333	0.6	1.0	0.316666666667	0.433333333333	0.6	1.0	0.316666666667	0.133640616974	0.132710436074	0.121340015827	0.184578433686	0.121228949451	0.130419692068	0.176081855919	0.0	0.131852370519	0.138944729293	0.125607029115	0.134461184017	0.115341178596	0.140616176902	0.16252569286	0.0506516386963	0.134841107682	0.148502369256	0.122321001608	0.108877102987	0.117289049254	0.151719340956	0.152610529061	0.0638394991958	0.0
149	girl_11_20.jpg	116.0	0.0540366066682	9.0	7.0	213.0	76.0	0.628935937571	-1.52941176471	0.291666666667	0.583333333333	1.0	0.291666666667	0.291666666667	0.583333333333	1.0	0.291666666667	0.131868649961	0.13175078381	0.122345064944	0.184413380165	0.122816529549	0.128426958346	0.178378633224	0.0	0.127205349231	0.139329734955	0.127950535729	0.13139450576	0.111415451543	0.142290340772	0.169298316281	0.0511157657295	0.123174725486	0.148641880177	0.128703525332	0.113292236563	0.106761702947	0.154536698131	0.163648622616	0.0612406087459	1.0
150	girl_11_52.jpg	173.0	0.098673652412	12.0	3.0	56.0	74.0	0.515495310966	-1.39603960396	0.27027027027	0.391891891892	1.0	0.175675675676	0.27027027027	0.391891891892	1.0	0.175675675676	0.129952868965	0.129966569847	0.124390310736	0.196265139475	0.12593851044	0.121746040445	0.171740560092	0.0	0.121773108705	0.130527619414	0.135065018256	0.152819593022	0.115516836419	0.125979544338	0.164211133175	0.0541071466701	0.110417908607	0.133122289144	0.147891956339	0.129709951282	0.101804838942	0.132392542192	0.170668283759	0.0739922297367	1.0
151	boy_72.jpg	30.0	0.0595494847831	31.0	3.0	82.0	110.0	0.721772024446	-3.5	1.0	0.295454545455	0.863636363636	0.204545454545	1.0	0.295454545455	0.863636363636	0.204545454545	0.124962984898	0.119099792715	0.142315664791	0.187622149837	0.124133846609	0.115190997927	0.186674563222	0.0	0.120481927711	0.117152821814	0.147643204397	0.148541534559	0.119636440499	0.118949482139	0.172056647643	0.0555379412386	0.123802083333	0.11703125	0.145208333333	0.137083333333	0.124270833333	0.118229166667	0.159375	0.075	0.0
152	boy_37.jpg	127.0	0.0741800519381	9.0	9.0	107.0	239.0	0.606245446665	-1.22330097087	0.368421052632	0.0977443609023	1.0	0.0977443609023	0.368421052632	0.0977443609023	1.0	0.0977443609023	0.13254468304	0.13115597274	0.134499164202	0.181869615533	0.121949337791	0.116394496593	0.181586730102	0.0	0.112054329372	0.123078026734	0.158899065018	0.140534206939	0.106530524403	0.122264999163	0.182333389129	0.054305459241	0.113041136471	0.123633833793	0.156376938441	0.12924437263	0.110348077829	0.124980363114	0.171300971745	0.0710743059763	0.0
153	boy_33.jpg	8.0	0.0721484826789	29.0	18.0	60.0	140.0	0.521458970986	-1.13223140496	0.130434782609	0.231884057971	1.0	0.159420289855	0.130434782609	0.231884057971	1.0	0.159420289855	0.136732905898	0.138664330373	0.129246147107	0.180817171757	0.123392138903	0.113615546971	0.17753175899	0.0	0.100800418911	0.129563135847	0.169490574506	0.140073309396	0.0920481747457	0.122550119689	0.1921005386	0.0533737283064	0.0966318907779	0.127592091705	0.168630860381	0.134402369912	0.0926552035033	0.126078696548	0.184553709428	0.0694551777434	0.0
154	boy_21.jpg	86.0	0.0994916485113	31.0	3.0	15.5	33.0	0.846272505836	-0.766666666667	0.538461538462	0.807692307692	1.0	0.307692307692	0.538461538462	0.807692307692	1.0	0.307692307692	0.138886973312	0.144403834218	0.122198469071	0.174263843873	0.117164333494	0.127370526171	0.175712019861	0.0	0.118640079995	0.141226986648	0.14205046762	0.13799188283	0.102523380978	0.135109699429	0.172636903712	0.0498205987883	0.113555383424	0.140666150271	0.143403046734	0.13111283243	0.103330751356	0.13803253292	0.16612445133	0.0637748515363	0.0
155	girl_11_8.jpg	10.0	0.0681689550362	6.0	8.0	208.0	187.0	0.599373821278	-1.54545454545	0.232142857143	0.482142857143	1.0	0.214285714286	0.232142857143	0.482142857143	1.0	0.214285714286	0.141665444028	0.144914170736	0.117855421182	0.171302215422	0.117184716313	0.13001194693	0.177066085389	0.0	0.12610999584	0.153961622629	0.136111261823	0.121462029552	0.0991083862333	0.145208254209	0.172354547592	0.0456839021214	0.111611987645	0.152450121045	0.145571416646	0.118440604391	0.0960681192086	0.148125886969	0.169513314968	0.0582185491276	1.0
156	boy_53.jpg	143.0	0.114661654135	3.0	4.0	92.0	14.8333333333	0.464840897561	-1.45	0.695652173913	0.326086956522	1.0	0.217391304348	0.695652173913	0.326086956522	1.0	0.217391304348	0.135919246109	0.136695725832	0.12342498147	0.184343345216	0.12268379628	0.122260261885	0.174672643208	0.0	0.119991539252	0.137608025624	0.143439898471	0.136036743821	0.105155012993	0.131987671481	0.173717290143	0.0520638182148	0.110043592979	0.138522427441	0.152690145692	0.120339566365	0.0994895032695	0.138264311116	0.173482849604	0.0671676035333	0.0
157	boy_12.jpg	109.0	0.0746517974779	0.0	11.0	2.0	2.0	0.969696969697	-1.69565217391	0.711111111111	0.522222222222	1.0	0.2	0.711111111111	0.522222222222	1.0	0.2	0.132886554368	0.127452756143	0.123890599529	0.191229447161	0.126003743283	0.12590311739	0.172633782125	0.0	0.132389982513	0.130464776756	0.125908456466	0.14713384993	0.1228762574	0.131379249491	0.157032616194	0.0528148112496	0.135715481426	0.135852444796	0.124058376832	0.126691117165	0.12453013955	0.136582916102	0.146581242106	0.0699882820228	0.0
158	boy_30.jpg	128.0	0.0919718902814	6.0	3.0	33.5	24.8333333333	0.313191458371	-0.832167832168	0.141414141414	0.373737373737	1.0	0.111111111111	0.141414141414	0.373737373737	1.0	0.111111111111	0.136311180504	0.138483470233	0.123571606363	0.184101554545	0.122711741679	0.120448939877	0.1743715068	0.0	0.117411723778	0.140140314258	0.147233335266	0.133781720492	0.099978740264	0.13134651437	0.178059952455	0.0520476991168	0.103782999184	0.144062414951	0.160718497687	0.115141068675	0.0875079379479	0.14014333666	0.183126190692	0.0655175542048	0.0
159	boy_45.jpg	106.0	0.0699489795918	23.0	3.0	114.0	62.5	0.562528846764	-8.57142857143	0.700934579439	0.0747663551402	1.0	0.0560747663551	0.700934579439	0.0747663551402	1.0	0.0560747663551	0.12443629137	0.110372238783	0.148284032714	0.183826339525	0.127417259038	0.113964686998	0.191699151571	0.0	0.133108361455	0.10753655793	0.145031871016	0.14690663667	0.137532808399	0.107611548556	0.163929508811	0.0583427071616	0.132521834812	0.114778901038	0.143593975655	0.132934461179	0.130183618733	0.112922082388	0.157073103638	0.0759920225569	0.0
160	girl_11_34.jpg	90.0	0.119383825417	4.0	6.0	162.0	86.5	0.556666814087	-1.30714285714	0.184466019417	0.834951456311	1.0	0.155339805825	0.184466019417	0.834951456311	1.0	0.155339805825	0.132676396988	0.134268849004	0.122091979071	0.190651229062	0.122463152097	0.125588189514	0.172260204265	0.0	0.126267455707	0.138806697218	0.130272796161	0.143975751452	0.111860859524	0.133610579872	0.164273084834	0.0509327752318	0.1177843524	0.146162064431	0.140310650888	0.118055555556	0.0995479947403	0.144107495069	0.167562458909	0.0664694280079	1.0
161	girl_11_45.jpg	173.0	0.0635501355014	11.0	4.0	37.0	77.0	0.534159662256	-1.1974522293	0.232876712329	0.287671232877	1.0	0.369863013699	0.232876712329	0.287671232877	1.0	0.369863013699	0.130186749906	0.129845899934	0.125432789767	0.196580736595	0.126240066017	0.120068887573	0.171644870208	0.0	0.120389153976	0.129389411126	0.138089659705	0.153932969513	0.114774707849	0.123860681734	0.164918997686	0.054644418412	0.107148790077	0.129215349687	0.152818539233	0.136856968824	0.102455839194	0.127097292209	0.169970651753	0.0744365690238	1.0
162	boy1_12.jpg	19.0	0.119837740091	4.0	8.0	143.0	48.2	0.271052488193	-0.348484848485	0.1625	0.3	1.0	0.1375	0.1625	0.3	1.0	0.1375	0.136385135567	0.138775614558	0.12397254145	0.184948930676	0.122118961484	0.120111981797	0.173686834469	0.0	0.117438543502	0.139357328635	0.14671952345	0.137679335515	0.101245909892	0.130191291216	0.176052940683	0.051315127108	0.103948261558	0.140753450486	0.159080624481	0.121756919828	0.0918338487065	0.136935289237	0.179594992081	0.0660966136209	0.0
163	boy_57.jpg	38.0	0.0668164313222	27.0	5.0	61.0	87.0	0.811139194951	-0.959459459459	0.23275862069	0.112068965517	1.0	0.0689655172414	0.23275862069	0.112068965517	1.0	0.0689655172414	0.130272023958	0.125779885201	0.137509358622	0.185841444139	0.125239164795	0.113551285251	0.181806838033	0.0	0.113422085542	0.117185287096	0.159834904706	0.148100190183	0.111763039696	0.114271840732	0.17800347995	0.0574191720957	0.112602622466	0.116493521653	0.15746469009	0.1368429244	0.111980078596	0.116337885685	0.170966110268	0.0773121668418	0.0
164	boy111_6.jpg	148.0	0.0716210019489	21.0	1.0	59.0	92.5	0.705343172389	-0.7109375	0.566666666667	1.0	0.55	0.233333333333	0.566666666667	1.0	0.55	0.233333333333	0.135148752399	0.136660268714	0.120321497121	0.184716890595	0.120297504798	0.129126679463	0.17372840691	0.0	0.132347944275	0.146184920905	0.125363385812	0.132140295239	0.109487673198	0.14106920376	0.163759580171	0.0496469966399	0.129210460236	0.159540122682	0.129156652437	0.102360368763	0.101068981598	0.154984395738	0.162212576676	0.0614664418696	0.0
165	girl1_8.jpg	88.0	0.0402610347943	18.0	9.0	47.0	106.0	0.514828237575	-1.08866995074	0.209677419355	0.306451612903	1.0	0.177419354839	0.209677419355	0.306451612903	1.0	0.177419354839	0.143453047106	0.148065249093	0.127954691898	0.161359243056	0.114491131685	0.121239868417	0.183436768746	0.0	0.107036802242	0.14577424844	0.166327449868	0.118314370558	0.0846484935438	0.136198325048	0.195088585633	0.0466117246672	0.0993000212115	0.142783552014	0.166025271961	0.118147934911	0.0886033756553	0.138086724645	0.185509530014	0.0615435895882	1.0
166	girl_11_3.jpg	165.0	0.128204241187	1.0	3.0	60.5	21.8888888889	0.309437802416	-0.628415300546	0.245901639344	0.327868852459	1.0	0.245901639344	0.245901639344	0.327868852459	1.0	0.245901639344	0.131544452155	0.132377207186	0.123818336032	0.19535816177	0.1256226386	0.120595265633	0.170683938623	0.0	0.121770375177	0.134100031245	0.136275146009	0.150599658711	0.112637296609	0.12537553777	0.165416876968	0.053825077511	0.105492437443	0.137647824168	0.15422504124	0.127343695546	0.093991775284	0.13269905439	0.176192467647	0.072407704282	1.0
167	girl_11_15.jpg	154.0	0.0668699186992	5.0	4.0	79.5	69.5	0.605284845132	-1.22302158273	0.229166666667	0.833333333333	1.0	0.3125	0.229166666667	0.833333333333	1.0	0.3125	0.129771927139	0.12860860248	0.124904331854	0.192591458748	0.129435175264	0.119087708557	0.175600795959	0.0	0.113715668618	0.128320576317	0.142418955425	0.145036019811	0.108847366051	0.128658262044	0.176665916254	0.0563372354795	0.106313397262	0.135496923674	0.147303364559	0.126655950335	0.0957818302755	0.139432403969	0.17715204257	0.0718640873566	1.0
168	boy_49.jpg	23.0	0.0507260444168	17.0	6.0	92.0	78.0	0.546580298264	-0.0117647058824	0.148936170213	0.31914893617	1.0	0.148936170213	0.148936170213	0.31914893617	1.0	0.148936170213	0.137175375715	0.139533421367	0.131327422499	0.177356473621	0.122807017544	0.112117210589	0.179683078664	0.0	0.0947504411394	0.126827577514	0.179071086463	0.136910763801	0.0883224098815	0.119265187799	0.200151247794	0.0547012856063	0.0854437800446	0.123109391488	0.18507445187	0.130290772658	0.0840661273303	0.121497244695	0.198323367335	0.0721948645797	0.0
169	boy_20.jpg	12.0	0.0695131683958	10.0	7.0	76.0	66.5	1.25995996434	-0.883211678832	0.509433962264	0.396226415094	1.0	0.339622641509	0.509433962264	0.396226415094	1.0	0.339622641509	0.145443997845	0.148883271868	0.118136990842	0.167032693822	0.116189450131	0.128330501803	0.175983093689	0.0	0.123600729588	0.154214799185	0.141554307786	0.121705232288	0.0960623725904	0.142555702586	0.175422910482	0.0448839454955	0.113559430287	0.157629175449	0.146356262375	0.110621447276	0.0923229226544	0.150092610334	0.17251069809	0.0569074535352	0.0
170	girl1_5.jpg	140.0	0.0571249215317	10.0	3.0	31.0	44.3333333333	0.483259722335	-0.261904761905	0.122950819672	0.114754098361	1.0	0.0819672131148	0.122950819672	0.114754098361	1.0	0.0819672131148	0.133319455183	0.133527627431	0.129542615833	0.186641289478	0.127222982216	0.112204841492	0.177541188366	0.0	0.102619576658	0.127704362063	0.168781429073	0.136182902584	0.0929715822711	0.121360074845	0.193252251199	0.0571278213074	0.0930586907449	0.129401805869	0.175902934537	0.124774266366	0.0854683972912	0.126636568849	0.193397291196	0.0713600451467	1.0
171	girl_11_27.jpg	181.0	0.0758233390444	23.0	2.0	86.0	119.5	1.08555427139	-1.20661157025	0.634615384615	1.0	0.673076923077	0.557692307692	0.634615384615	1.0	0.673076923077	0.557692307692	0.138363569049	0.14062939652	0.116579044798	0.177400962606	0.116549426138	0.135475749722	0.175001851166	0.0	0.138798578337	0.15435529919	0.117753306531	0.1214123405	0.109060187613	0.150253452194	0.161591796306	0.0467750393288	0.133419123818	0.169104235439	0.122497622112	0.0952945784144	0.102859061154	0.165355564259	0.157902982152	0.0535668326526	1.0
